Applicant_ID,Age,Gender,Education,Employment_Type,Annual_Income,Loan_Amount,Loan_Term,Credit_Score,Existing_Loans,Debt_to_Income_Ratio,Property_Value,Loan_Purpose,Previous_Default,Loan_Status
APP-10000,56,Female,Graduate,Salaried,62457.61,12402.86,60,669,1,0.6473,27667.77,Business,No,Approved
APP-10001,69,Male,Graduate,Self-Employed,33689.58,13834.0,120,747,2,0.112,33389.46,Home,No,Approved
APP-10002,46,Female,Not Graduate,Salaried,77677.07,25464.58,180,593,0,0.1442,0.0,Education,No,Approved
APP-10003,32,Female,Graduate,Salaried,90573.97,12646.09,360,606,0,0.5853,21970.62,Business,Yes,Rejected
APP-10004,60,Male,Graduate,Self-Employed,43046.0,29410.37,180,677,1,0.1215,0.0,Personal,No,Approved
APP-10005,25,Male,Not Graduate,Salaried,29259.65,5000.0,48,645,2,0.2788,6100.36,Home,No,Approved
APP-10006,38,Male,Not Graduate,Self-Employed,51541.43,28723.04,60,700,1,0.4899,0.0,Vehicle,No,Approved
APP-10007,44,Male,Not Graduate,Salaried,144356.0,46172.88,120,745,0,0.5249,0.0,Personal,No,Approved
APP-10008,36,Female,Graduate,Self-Employed,28878.46,6771.73,360,701,1,0.6228,0.0,Personal,Yes,Rejected
APP-10009,44,Male,Graduate,Salaried,37681.27,21363.78,60,679,4,0.5237,0.0,Vehicle,No,Approved
APP-10010,28,Female,Graduate,Salaried,50448.94,25334.27,60,746,0,0.5567,61147.25,Home,No,Approved
APP-10011,28,Female,Graduate,Salaried,64268.96,20609.73,180,671,1,0.6196,24991.35,Home,No,Approved
APP-10012,41,Male,Graduate,Salaried,49143.55,9181.45,24,620,1,0.3822,12144.79,Home,No,Approved
APP-10013,70,Male,Not Graduate,Salaried,94178.18,25650.93,36,677,3,0.2561,0.0,Vehicle,Yes,Rejected
APP-10014,53,Male,Graduate,Salaried,93540.0,65907.22,24,486,2,0.507,152558.69,Home,Yes,Rejected
APP-10015,57,Male,Graduate,Self-Employed,39640.36,12671.96,24,685,3,0.1481,23722.8,Home,No,Approved
APP-10016,41,Female,Graduate,Salaried,189720.87,51529.54,36,650,1,0.0909,82125.75,Business,No,Approved
APP-10017,20,Male,Graduate,Salaried,90567.68,56721.05,120,606,1,0.5212,136316.2,Business,No,Rejected
APP-10018,39,Male,Graduate,Self-Employed,88187.89,9904.8,60,703,1,0.6204,24214.35,Business,No,Approved
APP-10019,70,Male,Not Graduate,Salaried,88767.56,25530.28,60,716,0,0.3155,0.0,Personal,No,Approved
APP-10020,19,Male,Graduate,Self-Employed,87496.85,31741.81,24,613,1,0.1467,0.0,Vehicle,Yes,Approved
APP-10021,41,Male,Graduate,Self-Employed,48486.72,34792.45,24,568,1,0.3482,80572.14,Business,Yes,Rejected
APP-10022,61,Female,Not Graduate,Salaried,46143.9,35314.35,12,575,1,0.286,72392.31,Home,No,Rejected
APP-10023,47,Male,Graduate,Salaried,30583.47,18397.01,36,677,0,0.2735,27306.46,Home,No,Approved
APP-10024,55,Male,Graduate,Salaried,36728.71,16335.91,180,833,2,0.4268,39500.32,Business,No,Approved
APP-10025,19,Male,Not Graduate,Self-Employed,41963.32,23014.16,60,682,1,0.1548,0.0,Vehicle,No,Approved
APP-10026,44,Male,Graduate,Salaried,50651.8,19744.11,180,570,0,0.2783,0.0,Vehicle,No,Rejected
APP-10027,50,Male,Graduate,Self-Employed,109004.89,33701.92,360,668,2,0.5712,40047.88,Home,Yes,Approved
APP-10028,29,Male,Graduate,Self-Employed,20000.0,15309.63,120,503,0,0.4878,0.0,Personal,No,Approved
APP-10029,39,Female,Graduate,Salaried,96034.92,17360.54,24,705,0,0.0834,0.0,Personal,No,Approved
APP-10030,61,Male,Graduate,Self-Employed,49143.55,10122.41,12,600,2,0.3583,15640.33,Home,No,Rejected
APP-10031,42,Male,Graduate,Salaried,46524.77,33933.41,12,583,1,0.1048,0.0,Education,No,Approved
APP-10032,66,Male,Not Graduate,Self-Employed,34125.53,20686.86,360,758,1,0.6245,34231.92,Business,No,Approved
APP-10033,44,Female,Graduate,Salaried,123888.65,14912.6,120,667,1,0.1968,30823.07,Home,No,Approved
APP-10034,59,Female,Graduate,Salaried,49143.55,5000.0,120,749,0,0.6096,5769.03,Home,No,Rejected
APP-10035,45,Male,Graduate,Salaried,63622.6,29365.57,48,776,3,0.5504,68882.46,Home,No,Approved
APP-10036,33,Female,Graduate,Self-Employed,65292.56,28661.94,24,672,3,0.3808,0.0,Vehicle,No,Approved
APP-10037,32,Male,Not Graduate,Salaried,27446.57,11255.68,36,679,0,0.2518,0.0,Education,No,Approved
APP-10038,64,Female,Not Graduate,Salaried,46705.39,14555.3,36,764,3,0.5648,0.0,Personal,No,Rejected
APP-10039,68,Female,Graduate,Salaried,89515.15,70774.89,240,636,2,0.1417,143159.49,Home,Yes,Approved
APP-10040,61,Male,Graduate,Salaried,31678.15,9199.05,120,772,1,0.158,13660.88,Home,No,Approved
APP-10041,69,Female,Graduate,Self-Employed,74197.28,32871.48,180,518,0,0.1848,0.0,Education,No,Rejected
APP-10042,20,Female,Graduate,Self-Employed,41541.99,15928.24,360,651,0,0.4086,0.0,Personal,No,Approved
APP-10043,54,Female,Not Graduate,Salaried,87713.14,19224.49,12,694,2,0.2386,38865.75,Home,No,Rejected
APP-10044,68,Male,Not Graduate,Salaried,117447.71,28402.75,24,583,2,0.6435,0.0,Vehicle,No,Rejected
APP-10045,24,Female,Not Graduate,Salaried,20000.0,14856.24,360,709,2,0.1671,0.0,Education,No,Approved
APP-10046,38,Female,Not Graduate,Salaried,25108.0,17595.42,60,693,0,0.5334,0.0,Education,No,Rejected
APP-10047,26,Male,Not Graduate,Salaried,39369.44,9422.33,48,677,0,0.1075,14800.46,Business,No,Approved
APP-10048,56,Female,Not Graduate,Salaried,49143.55,72721.16,12,677,1,0.2621,82904.67,Business,Yes,Approved
APP-10049,35,Female,Not Graduate,Salaried,49143.55,15765.15,360,610,2,0.1963,29505.12,Home,No,Approved
APP-10050,21,Female,,Salaried,26307.89,14168.97,360,677,2,0.6361,17216.07,Home,No,Approved
APP-10051,42,Male,Not Graduate,Self-Employed,68834.49,10799.88,48,808,0,0.065,24129.6,Business,No,Approved
APP-10052,31,Female,Graduate,Salaried,31043.12,22234.91,360,663,0,0.483,0.0,Education,No,Approved
APP-10053,67,Male,Graduate,Salaried,75755.47,10306.55,12,571,1,0.1986,0.0,Vehicle,No,Approved
APP-10054,26,Female,Graduate,Self-Employed,64182.0,31350.48,60,670,2,0.5367,0.0,Education,No,Rejected
APP-10055,43,Male,Graduate,Self-Employed,30975.26,20003.76,12,699,1,0.2367,0.0,Vehicle,No,Approved
APP-10056,44,Male,Graduate,Salaried,47430.6,8622.14,48,614,0,0.1624,0.0,Vehicle,No,Approved
APP-10057,19,Male,Not Graduate,Salaried,90430.95,34647.37,60,650,2,0.4658,42406.16,Business,Yes,Rejected
APP-10058,37,Male,Graduate,Self-Employed,20000.0,5000.0,36,784,2,0.2045,8501.17,Business,No,Approved
APP-10059,45,Female,Not Graduate,Salaried,56985.63,32933.52,24,586,0,0.3413,0.0,Personal,No,Approved
APP-10060,44,Female,Graduate,Salaried,28185.14,8884.37,120,633,2,0.1289,0.0,Vehicle,Yes,Rejected
APP-10061,24,Female,Graduate,Salaried,48625.64,23903.23,36,519,0,0.485,0.0,Personal,No,Approved
APP-10062,61,Male,Not Graduate,Salaried,61628.59,46400.94,12,825,2,0.2941,79270.09,Business,No,Rejected
APP-10063,25,Female,Graduate,Salaried,134132.65,42131.16,60,732,0,0.1343,79151.07,Home,No,Approved
APP-10064,64,Male,Not Graduate,Self-Employed,48380.45,6484.88,24,676,5,0.495,0.0,Education,No,Approved
APP-10065,52,Female,Graduate,Salaried,102004.0,58441.85,24,622,3,0.112,0.0,Education,No,Approved
APP-10066,31,Female,Graduate,Salaried,32200.94,20956.01,48,618,1,0.3949,0.0,Vehicle,Yes,Rejected
APP-10067,34,Male,Not Graduate,Salaried,38272.62,29489.36,48,677,0,0.4145,0.0,Vehicle,No,Approved
APP-10068,53,Male,Not Graduate,Salaried,65744.37,13836.6,48,719,0,0.6082,19168.75,Business,No,Rejected
APP-10069,67,Female,Graduate,Self-Employed,54224.09,20306.81,180,594,2,0.1406,0.0,Education,No,Approved
APP-10070,57,Female,Graduate,Salaried,41597.3,28739.5,12,642,1,0.442,55713.21,Business,Yes,Rejected
APP-10071,21,Female,Graduate,Self-Employed,41037.55,27282.17,240,748,1,0.2785,40079.96,Business,No,Approved
APP-10072,19,Male,Graduate,Salaried,95477.63,51305.57,360,808,1,0.2905,66793.33,Home,No,Approved
APP-10073,23,Female,Graduate,Salaried,42437.13,12245.57,120,723,2,0.3511,13784.77,Home,No,Approved
APP-10074,59,Male,Not Graduate,Self-Employed,29424.28,8792.7,48,627,1,0.1903,0.0,Vehicle,No,Approved
APP-10075,21,Female,Not Graduate,Salaried,31970.29,5972.12,120,667,0,0.327,13597.1,Home,No,Rejected
APP-10076,46,Female,Graduate,Salaried,68524.77,51071.34,180,712,0,0.4621,125644.05,Home,No,Approved
APP-10077,35,Male,Graduate,Self-Employed,151487.93,33486.72,120,656,0,0.3243,0.0,Education,Yes,Rejected
APP-10078,43,Female,Graduate,Salaried,37722.0,18899.69,12,736,2,0.0755,39397.67,Home,Yes,Approved
APP-10079,61,Female,Graduate,Self-Employed,143531.92,73064.35,60,621,0,0.2047,122587.18,Home,Yes,Rejected
APP-10080,51,Male,Graduate,Self-Employed,48755.81,17489.87,240,809,1,0.2609,0.0,Education,No,Approved
APP-10081,27,Female,Graduate,Salaried,42621.0,14779.26,240,672,1,0.2628,0.0,Vehicle,No,Approved
APP-10082,53,Male,Graduate,Salaried,31096.84,17663.37,360,629,1,0.0986,31178.44,Home,No,Approved
APP-10083,31,Female,Not Graduate,Salaried,44399.93,16508.27,48,727,2,0.3197,0.0,Vehicle,No,Approved
APP-10084,48,Female,Graduate,Salaried,33588.19,9357.02,120,601,1,0.4652,0.0,Education,No,Approved
APP-10085,44,Female,Graduate,Self-Employed,32267.3,12241.96,180,691,0,0.079,21304.08,Business,Yes,Approved
APP-10086,44,Female,Not Graduate,Self-Employed,21461.0,14279.11,60,792,1,0.5006,24100.67,Home,No,Approved
APP-10087,25,Female,Graduate,Salaried,118546.0,92055.29,240,582,2,0.6231,0.0,Personal,No,Rejected
APP-10088,31,Male,Graduate,Salaried,83465.86,45502.68,36,775,0,0.0556,0.0,Vehicle,No,Approved
APP-10089,40,Female,Graduate,Salaried,56151.02,36356.15,240,576,3,0.1662,0.0,Education,Yes,Rejected
APP-10090,57,Female,Graduate,Salaried,45615.01,21574.87,60,745,1,0.3761,35158.95,Business,Yes,Rejected
APP-10091,38,Female,,Self-Employed,48884.22,26269.22,12,604,3,0.1808,47165.2,Home,No,Approved
APP-10092,33,Female,Graduate,Salaried,33241.21,26315.76,120,775,3,0.5088,0.0,Vehicle,Yes,Approved
APP-10093,62,Female,Graduate,Self-Employed,27807.87,11314.83,24,633,1,0.2373,13605.55,Business,No,Approved
APP-10094,35,Male,Graduate,Self-Employed,70172.0,10271.68,180,651,1,0.2262,11849.54,Home,No,Rejected
APP-10095,64,Male,Graduate,Self-Employed,42997.13,33103.7,360,604,0,0.0506,0.0,Personal,Yes,Rejected
APP-10096,70,Female,Not Graduate,Salaried,57691.66,37796.3,36,487,3,0.2121,0.0,Education,No,Approved
APP-10097,41,Male,Graduate,Self-Employed,21349.43,8087.53,48,588,2,0.1806,9620.48,Business,No,Rejected
APP-10098,43,Male,Graduate,Salaried,41868.36,32978.72,48,545,1,0.2559,0.0,Personal,No,Approved
APP-10099,42,Female,Graduate,Self-Employed,27537.94,9414.53,48,516,1,0.1386,0.0,Personal,Yes,Approved
APP-10100,62,Male,Graduate,Salaried,62444.15,22510.13,36,703,0,0.4068,31063.93,Business,No,Rejected
APP-10101,58,Female,Not Graduate,Salaried,49143.55,42477.4,60,801,0,0.1932,0.0,Personal,No,Approved
APP-10102,46,Female,Graduate,Salaried,101706.83,29702.79,360,823,1,0.5491,0.0,Personal,No,Rejected
APP-10103,32,Male,Graduate,Salaried,35793.09,21082.13,240,586,1,0.2207,0.0,Personal,Yes,Approved
APP-10104,62,Male,Graduate,Salaried,27890.75,5773.25,24,671,1,0.1765,0.0,Education,No,Approved
APP-10105,18,Male,Graduate,Self-Employed,39763.44,6983.16,360,773,1,0.0841,0.0,Education,Yes,Approved
APP-10106,42,Male,Graduate,Salaried,34556.24,16393.98,24,575,1,0.4939,24415.53,Home,No,Rejected
APP-10107,24,Male,,Salaried,60816.52,29729.89,180,776,1,0.3549,0.0,Personal,No,Approved
APP-10108,26,Male,Graduate,Salaried,24309.17,5000.0,60,777,1,0.1183,6686.2,Home,No,Approved
APP-10109,41,Female,Graduate,Salaried,20390.05,15800.73,180,524,1,0.1828,0.0,Education,No,Rejected
APP-10110,18,Female,Graduate,Salaried,41224.0,20665.62,60,491,0,0.6492,30020.6,Home,No,Rejected
APP-10111,61,Male,Graduate,Salaried,70491.9,14501.91,120,647,2,0.5336,19725.1,Business,Yes,Approved
APP-10112,25,Male,Graduate,Salaried,29327.23,9326.35,240,755,0,0.2599,0.0,Vehicle,Yes,Approved
APP-10113,41,Male,Graduate,Salaried,74948.51,49478.3,12,677,1,0.3755,64868.06,Home,No,Approved
APP-10114,28,Male,Graduate,Self-Employed,58845.4,27437.38,12,516,1,0.2996,0.0,Education,No,Rejected
APP-10115,68,Female,Not Graduate,Salaried,106233.82,24614.78,60,685,2,0.0718,0.0,Education,No,Approved
APP-10116,44,Male,Graduate,Self-Employed,32822.6,5645.3,12,730,4,0.517,0.0,Education,Yes,Approved
APP-10117,25,Male,Not Graduate,Salaried,21955.3,8815.98,36,625,2,0.4802,0.0,Personal,No,Approved
APP-10118,52,Female,Graduate,Salaried,66122.93,22229.89,360,632,0,0.2953,33571.04,Business,No,Rejected
APP-10119,52,Female,Not Graduate,Salaried,56383.81,31526.56,180,730,0,0.5575,52224.3,Home,No,Rejected
APP-10120,50,Male,Graduate,Salaried,54244.07,40556.82,120,610,0,0.3708,0.0,Personal,No,Approved
APP-10121,22,Male,Graduate,Self-Employed,29030.03,7937.14,240,616,1,0.0891,0.0,Education,No,Approved
APP-10122,59,Female,Graduate,Self-Employed,72227.44,50462.69,240,702,0,0.2056,108089.74,Business,Yes,Rejected
APP-10123,56,Male,Not Graduate,Salaried,35713.61,26582.48,120,711,1,0.3271,0.0,Vehicle,No,Approved
APP-10124,58,Male,,Salaried,49143.55,39665.54,48,662,2,0.1121,0.0,Education,No,Rejected
APP-10125,45,Female,Not Graduate,Salaried,38957.09,29858.82,48,798,1,0.3926,72788.93,Business,No,Approved
APP-10126,24,Male,,Salaried,49143.55,40350.84,48,739,1,0.1223,96299.36,Home,No,Approved
APP-10127,26,Male,Not Graduate,Salaried,26968.77,13900.79,120,651,1,0.1703,24553.07,Business,No,Approved
APP-10128,25,Female,Not Graduate,Self-Employed,49143.55,24348.61,12,576,1,0.586,0.0,Vehicle,No,Rejected
APP-10129,29,Male,Graduate,Self-Employed,68104.23,30250.64,24,759,0,0.6499,0.0,Personal,No,Approved
APP-10130,51,Male,Not Graduate,Self-Employed,51947.51,36925.77,120,762,1,0.3802,0.0,Vehicle,Yes,Rejected
APP-10131,50,Female,Graduate,Self-Employed,111518.79,34679.99,12,672,3,0.422,0.0,Education,No,Rejected
APP-10132,65,Female,Graduate,Self-Employed,54370.67,11498.48,360,677,3,0.5285,0.0,Vehicle,No,Rejected
APP-10133,44,Male,Graduate,Salaried,77604.2,15410.13,120,736,0,0.4677,37915.64,Home,Yes,Approved
APP-10134,41,Male,Graduate,Salaried,51339.12,34853.93,180,677,0,0.1595,75428.68,Home,No,Approved
APP-10135,54,Male,Not Graduate,Salaried,74213.36,46980.02,12,750,3,0.297,107424.31,Home,No,Approved
APP-10136,52,Female,Graduate,Self-Employed,22773.39,10210.49,240,677,1,0.3711,0.0,Personal,Yes,Approved
APP-10137,61,Female,Graduate,Self-Employed,49834.98,14572.25,60,754,3,0.2658,0.0,Personal,No,Approved
APP-10138,57,Female,Graduate,Self-Employed,27904.0,16026.2,60,772,1,0.1557,0.0,Personal,No,Approved
APP-10139,44,Male,Graduate,Self-Employed,52586.44,6673.39,120,701,0,0.4917,9528.46,Home,No,Approved
APP-10140,44,Male,Graduate,Self-Employed,59403.0,29568.3,180,753,1,0.1693,49128.33,Business,No,Rejected
APP-10141,52,Female,Graduate,Self-Employed,73405.11,27813.02,180,625,1,0.2063,0.0,Education,No,Approved
APP-10142,18,Male,Graduate,Salaried,62627.2,49131.15,60,762,2,0.2219,118756.79,Business,No,Approved
APP-10143,52,Male,Graduate,Self-Employed,41422.25,18859.23,12,626,3,0.1471,0.0,Vehicle,No,Approved
APP-10144,54,Female,Graduate,Salaried,33630.96,16364.4,360,599,0,0.5597,0.0,Education,No,Rejected
APP-10145,64,Female,Graduate,Salaried,20000.0,11973.08,120,669,2,0.4164,0.0,Vehicle,No,Rejected
APP-10146,31,Female,Graduate,Self-Employed,50737.79,22282.87,360,677,0,0.5508,0.0,Vehicle,No,Rejected
APP-10147,20,Female,Graduate,Self-Employed,86589.24,22270.58,48,632,0,0.3462,33409.45,Home,No,Rejected
APP-10148,18,Female,Graduate,Salaried,51750.88,24638.31,24,710,1,0.3617,0.0,Personal,No,Approved
APP-10149,22,Male,Not Graduate,Salaried,46986.9,35756.48,36,702,0,0.4197,69167.82,Business,No,Rejected
APP-10150,43,Female,Graduate,Self-Employed,52655.64,20374.45,48,731,1,0.2726,0.0,Vehicle,No,Approved
APP-10151,31,Female,Graduate,Salaried,40382.24,23250.02,240,732,3,0.348,0.0,Vehicle,Yes,Rejected
APP-10152,56,Male,Graduate,Self-Employed,54040.22,42401.25,36,709,0,0.3781,55677.42,Business,No,Approved
APP-10153,44,Female,Not Graduate,Salaried,40035.35,27261.9,240,611,1,0.6221,0.0,Education,No,Rejected
APP-10154,26,Female,Graduate,Salaried,31274.53,17555.14,120,753,3,0.5797,0.0,Vehicle,Yes,Approved
APP-10155,32,Female,Not Graduate,Salaried,47209.51,29043.17,48,671,0,0.1275,64589.55,Home,No,Rejected
APP-10156,32,Female,Graduate,Salaried,46697.62,35281.84,180,699,1,0.0748,0.0,Education,No,Approved
APP-10157,43,Male,Graduate,Salaried,125189.65,96624.69,60,688,2,0.458,131494.85,Home,No,Rejected
APP-10158,59,Female,Graduate,Self-Employed,32766.27,25501.26,60,805,4,0.0795,0.0,Education,No,Approved
APP-10159,30,Male,Graduate,Salaried,45264.54,24350.02,360,584,0,0.0862,0.0,Personal,No,Approved
APP-10160,68,Female,Graduate,Salaried,43116.77,15922.94,36,652,1,0.1456,26471.37,Home,Yes,Approved
APP-10161,49,Male,Graduate,Salaried,39189.28,7571.65,48,722,1,0.261,14453.22,Business,No,Approved
APP-10162,56,Male,Graduate,Salaried,63357.76,23435.0,60,681,0,0.311,0.0,Personal,No,Approved
APP-10163,66,Male,Graduate,Self-Employed,150088.67,100000.0,12,641,0,0.3616,147759.23,Home,Yes,Rejected
APP-10164,69,Male,Graduate,Salaried,41755.5,30183.3,180,526,0,0.645,70504.78,Home,No,Rejected
APP-10165,49,Male,Graduate,Salaried,63446.18,29601.56,240,657,2,0.2811,64052.32,Home,No,Rejected
APP-10166,21,Female,Graduate,Salaried,20000.0,9518.1,120,708,1,0.1957,0.0,Personal,No,Approved
APP-10167,47,Female,Graduate,Salaried,40264.89,12733.54,360,723,1,0.3952,20322.52,Home,No,Approved
APP-10168,54,Female,Not Graduate,Salaried,106683.37,44610.24,36,666,0,0.1791,0.0,Vehicle,No,Approved
APP-10169,40,Male,Not Graduate,Salaried,47691.56,28620.37,24,694,0,0.6143,0.0,Education,No,Rejected
APP-10170,56,Female,Not Graduate,Self-Employed,63017.64,24053.93,60,588,1,0.2056,46171.75,Home,No,Approved
APP-10171,62,Female,Graduate,Salaried,35904.73,8315.13,360,711,4,0.644,10648.22,Home,Yes,Rejected
APP-10172,32,Female,Graduate,Self-Employed,49143.55,26685.94,12,680,1,0.3012,0.0,Personal,No,Approved
APP-10173,60,Male,Not Graduate,Salaried,110900.44,28583.02,12,693,1,0.5376,37862.82,Business,No,Rejected
APP-10174,46,Male,Graduate,Self-Employed,27445.53,21462.44,36,662,2,0.439,39644.32,Home,No,Rejected
APP-10175,53,Male,Graduate,Self-Employed,49143.55,54596.88,36,677,1,0.6101,109021.14,Home,No,Rejected
APP-10176,30,Male,Graduate,Salaried,22629.91,16672.94,60,677,1,0.4253,0.0,Education,Yes,Approved
APP-10177,49,Male,Not Graduate,Salaried,38455.0,9917.13,48,677,1,0.3987,18648.21,Business,Yes,Rejected
APP-10178,24,Female,Graduate,Self-Employed,32274.78,7502.15,120,534,2,0.4417,14127.83,Home,No,Rejected
APP-10179,68,Male,Graduate,Salaried,42777.58,22750.43,240,702,2,0.5219,48667.86,Home,No,Approved
APP-10180,39,Male,Graduate,Salaried,32065.9,20700.63,240,648,2,0.5893,0.0,Vehicle,No,Rejected
APP-10181,45,Male,Not Graduate,Salaried,30873.09,15335.75,48,623,1,0.2101,0.0,Education,Yes,Rejected
APP-10182,19,Male,Graduate,Self-Employed,27082.06,7064.54,12,787,3,0.1705,16696.13,Home,No,Approved
APP-10183,59,Male,Graduate,Self-Employed,49143.55,8558.84,180,605,3,0.0706,14059.06,Home,No,Approved
APP-10184,62,Male,Graduate,Salaried,43522.0,23188.59,120,614,0,0.272,0.0,Education,No,Rejected
APP-10185,70,Male,Graduate,Salaried,38186.78,7321.4,60,500,1,0.5577,13557.08,Home,No,Rejected
APP-10186,23,Female,Graduate,Self-Employed,56451.01,19205.96,48,795,1,0.0919,45138.49,Home,No,Approved
APP-10187,45,Female,Graduate,Salaried,49143.55,13305.05,120,751,2,0.3731,0.0,Vehicle,No,Approved
APP-10188,45,Male,Not Graduate,Salaried,57135.81,9634.04,240,653,0,0.4669,16859.47,Business,No,Approved
APP-10189,61,Female,Graduate,Salaried,46775.52,8844.13,120,677,2,0.5521,15240.28,Business,No,Rejected
APP-10190,44,Female,Graduate,Self-Employed,47499.81,6800.37,36,501,1,0.4001,14778.02,Business,No,Rejected
APP-10191,37,Male,Graduate,Salaried,63550.0,50665.64,360,718,2,0.1618,0.0,Vehicle,No,Rejected
APP-10192,44,Male,Graduate,Self-Employed,111498.01,41360.6,36,677,3,0.6287,96296.64,Home,No,Rejected
APP-10193,28,Female,Not Graduate,Salaried,57612.07,42290.52,48,813,3,0.1068,90194.73,Home,No,Approved
APP-10194,45,Male,Graduate,Self-Employed,44358.64,13552.01,60,709,1,0.5114,16806.85,Home,No,Approved
APP-10195,42,Female,Not Graduate,Self-Employed,27137.66,17021.87,24,690,2,0.1019,0.0,Personal,No,Approved
APP-10196,56,Male,,Salaried,20000.0,5066.93,24,614,0,0.1361,8870.57,Business,No,Approved
APP-10197,50,Male,Graduate,Salaried,52257.68,23454.67,120,614,1,0.5889,32760.49,Home,No,Approved
APP-10198,18,Male,Graduate,Salaried,26112.86,17684.44,24,727,0,0.5018,0.0,Education,No,Rejected
APP-10199,44,Male,Graduate,Salaried,20000.0,13428.68,12,613,3,0.2693,0.0,Vehicle,No,Rejected
APP-10200,69,Female,Graduate,Self-Employed,41132.95,26983.07,240,610,1,0.4332,47389.18,Home,No,Rejected
APP-10201,30,Male,Not Graduate,Salaried,55256.48,37387.31,12,792,4,0.3243,0.0,Personal,No,Approved
APP-10202,58,Male,Graduate,Self-Employed,71121.99,17640.43,120,703,3,0.0899,0.0,Personal,Yes,Approved
APP-10203,20,Female,Not Graduate,Salaried,83335.12,36463.4,12,677,1,0.4827,51418.5,Home,No,Rejected
APP-10204,44,Male,Graduate,Salaried,75951.94,33374.04,240,724,1,0.508,60817.75,Home,No,Approved
APP-10205,23,Female,Graduate,Salaried,76978.97,55682.87,60,657,2,0.5794,111398.38,Business,No,Approved
APP-10206,25,Male,Graduate,Salaried,23528.44,7242.63,36,538,1,0.3744,0.0,Personal,No,Approved
APP-10207,44,Male,Graduate,Salaried,45487.92,34209.06,60,640,2,0.4539,47757.38,Business,No,Approved
APP-10208,26,Female,Graduate,Self-Employed,65507.36,27222.04,12,596,2,0.3128,41780.14,Home,No,Rejected
APP-10209,54,Female,Graduate,Salaried,49143.55,28539.67,12,700,2,0.2413,0.0,Education,No,Approved
APP-10210,44,Male,Graduate,Salaried,45361.79,13074.09,48,627,2,0.297,0.0,Education,No,Approved
APP-10211,44,Male,Not Graduate,Self-Employed,49714.16,19249.75,360,687,0,0.597,0.0,Business,Yes,Rejected
APP-10212,59,Male,Graduate,Self-Employed,55423.94,33080.37,360,733,2,0.1485,46787.73,Business,No,Approved
APP-10213,44,Male,Not Graduate,Salaried,47171.88,21648.26,12,850,2,0.1991,33876.41,Home,No,Approved
APP-10214,41,Male,Not Graduate,Salaried,32107.99,24129.01,36,838,3,0.4137,56382.03,Home,No,Rejected
APP-10215,32,Male,Not Graduate,Salaried,20922.66,12888.1,48,697,1,0.1198,0.0,Vehicle,No,Approved
APP-10216,49,Male,Graduate,Self-Employed,44266.63,21915.61,24,675,0,0.585,28361.36,Home,Yes,Approved
APP-10217,49,Female,Graduate,Self-Employed,50450.17,36357.86,180,632,2,0.0783,62580.84,Home,No,Approved
APP-10218,41,Female,Graduate,Self-Employed,50175.88,28394.0,36,677,4,0.5032,0.0,Personal,No,Rejected
APP-10219,58,Male,Graduate,Self-Employed,78941.36,43664.39,12,497,0,0.2742,67040.29,Home,No,Approved
APP-10220,69,Male,Not Graduate,Salaried,86275.69,23506.67,12,612,4,0.0807,28396.78,Home,No,Rejected
APP-10221,66,Female,Graduate,Self-Employed,46536.33,17516.27,36,810,1,0.5558,0.0,Home,No,Approved
APP-10222,66,Male,Graduate,Salaried,46703.18,27009.04,120,808,1,0.4343,33344.7,Home,No,Approved
APP-10223,69,Male,Graduate,Salaried,49143.55,47285.14,48,685,1,0.0553,103972.07,Home,No,Approved
APP-10224,29,Female,Graduate,Salaried,60674.22,19469.34,12,717,3,0.2105,44648.38,Home,Yes,Approved
APP-10225,56,Female,Not Graduate,Self-Employed,39289.83,9855.46,180,631,1,0.2612,0.0,Vehicle,No,Approved
APP-10226,19,Female,Graduate,Self-Employed,68152.76,35138.69,24,677,2,0.2435,0.0,Personal,No,Approved
APP-10227,20,Male,Not Graduate,Salaried,45561.25,6699.23,60,617,0,0.349,14322.76,Business,Yes,Rejected
APP-10228,66,Male,Graduate,Self-Employed,46048.23,27637.19,240,617,1,0.3661,51264.8,Home,No,Approved
APP-10229,54,Female,Graduate,Self-Employed,60888.94,36058.25,180,729,1,0.2881,78669.12,Home,No,Rejected
APP-10230,66,Female,Graduate,Salaried,42167.99,14694.54,240,631,2,0.2491,0.0,Vehicle,No,Approved
APP-10231,34,Female,Graduate,Salaried,51397.0,37256.41,120,719,3,0.353,0.0,Vehicle,No,Approved
APP-10232,44,Female,Graduate,Self-Employed,56884.16,25684.72,180,668,1,0.0702,0.0,Vehicle,No,Approved
APP-10233,19,Male,Graduate,Salaried,73761.29,40718.85,360,793,2,0.4371,89267.21,Business,No,Rejected
APP-10234,19,Female,Not Graduate,Salaried,71258.56,17579.84,120,724,1,0.4136,0.0,Personal,No,Approved
APP-10235,44,Male,Graduate,Self-Employed,56023.26,21968.86,360,699,0,0.2175,37190.32,Home,No,Approved
APP-10236,40,Male,Not Graduate,Salaried,20000.0,14073.85,24,565,1,0.1577,30264.99,Home,No,Rejected
APP-10237,54,Female,Graduate,Self-Employed,55363.48,13788.7,24,640,1,0.0938,0.0,Personal,No,Approved
APP-10238,49,Male,Graduate,Self-Employed,59810.89,22333.51,24,675,0,0.4024,31687.88,Home,No,Approved
APP-10239,50,Male,Not Graduate,Salaried,66201.9,21360.28,120,684,0,0.3913,0.0,Education,No,Approved
APP-10240,44,Female,Graduate,Salaried,30393.61,6254.31,24,733,0,0.37,14169.52,Business,No,Approved
APP-10241,36,Male,Not Graduate,Salaried,20000.0,6056.05,36,696,1,0.6414,0.0,Education,Yes,Rejected
APP-10242,19,Female,Graduate,Salaried,73356.4,19288.38,240,597,0,0.3689,36558.48,Home,No,Approved
APP-10243,70,Male,Graduate,Self-Employed,26575.28,19838.86,240,727,1,0.4831,0.0,Personal,No,Approved
APP-10244,61,Male,Not Graduate,Salaried,90317.0,55884.32,48,643,0,0.1178,62046.82,Home,No,Approved
APP-10245,43,Male,Graduate,Salaried,36705.21,11792.32,360,628,3,0.2294,0.0,Education,No,Approved
APP-10246,49,Female,Graduate,Salaried,29331.39,18606.0,240,591,1,0.2153,33992.68,Home,No,Approved
APP-10247,23,Female,Graduate,Self-Employed,58384.81,6743.33,12,651,2,0.3956,0.0,Personal,Yes,Approved
APP-10248,49,Female,,Salaried,49143.55,31257.44,240,635,2,0.2485,47961.14,Home,No,Approved
APP-10249,21,Male,Not Graduate,Salaried,64750.0,17821.41,12,772,4,0.435,0.0,Vehicle,No,Rejected
APP-10250,28,Male,Graduate,Salaried,62994.66,11340.64,48,658,0,0.4641,13387.66,Home,Yes,Rejected
APP-10251,34,Female,Not Graduate,Self-Employed,34410.0,24728.15,120,722,1,0.0702,0.0,Education,Yes,Approved
APP-10252,55,Female,Graduate,Salaried,22846.31,5472.57,180,535,0,0.4339,0.0,Vehicle,No,Approved
APP-10253,41,Female,Graduate,Salaried,40342.78,27258.56,48,739,2,0.1201,47054.64,Home,No,Approved
APP-10254,22,Female,Graduate,Salaried,27643.51,10760.4,240,731,1,0.3291,0.0,Business,No,Approved
APP-10255,69,Male,Graduate,Self-Employed,60856.53,6694.43,240,563,1,0.4859,0.0,Education,Yes,Approved
APP-10256,51,Female,Graduate,Salaried,49143.55,46507.23,360,610,2,0.472,71437.81,Home,No,Approved
APP-10257,23,Female,Graduate,Salaried,53441.79,27653.55,120,626,2,0.2299,0.0,Personal,Yes,Rejected
APP-10258,39,Male,Graduate,Salaried,48997.65,16704.29,48,663,2,0.213,23154.59,Home,No,Rejected
APP-10259,28,Male,Graduate,Salaried,41973.0,12469.45,24,623,1,0.3141,0.0,Vehicle,No,Approved
APP-10260,65,Female,Graduate,Self-Employed,80031.42,12131.47,180,660,1,0.1632,0.0,Personal,No,Approved
APP-10261,33,Male,Graduate,Salaried,20000.0,15179.96,36,732,1,0.6348,0.0,Education,No,Rejected
APP-10262,50,Female,Graduate,Self-Employed,26820.57,11956.33,36,635,2,0.257,18995.87,Home,Yes,Rejected
APP-10263,26,Male,Not Graduate,Self-Employed,122194.17,19534.84,36,703,2,0.6038,26400.36,Home,No,Approved
APP-10264,23,Male,Not Graduate,Salaried,26173.96,18533.15,48,694,1,0.595,0.0,Personal,No,Approved
APP-10265,33,Male,Graduate,Self-Employed,63928.36,18870.58,24,443,2,0.2689,0.0,Vehicle,No,Rejected
APP-10266,46,Male,Not Graduate,Self-Employed,70855.3,17183.96,60,615,3,0.2025,26115.1,Business,No,Approved
APP-10267,20,Male,Graduate,Self-Employed,20000.0,5933.12,36,758,0,0.5125,7484.44,Home,Yes,Rejected
APP-10268,37,Male,Graduate,Salaried,20595.98,10199.13,60,608,4,0.188,0.0,Personal,No,Rejected
APP-10269,53,Female,Not Graduate,Salaried,92259.19,14008.59,180,594,2,0.3627,0.0,Education,No,Approved
APP-10270,36,Male,Graduate,Salaried,30137.58,13177.05,360,677,2,0.1164,0.0,Personal,No,Approved
APP-10271,43,Male,Not Graduate,Self-Employed,30551.96,22211.9,24,692,3,0.2816,52731.65,Home,No,Rejected
APP-10272,20,Male,Graduate,Salaried,37781.01,8754.62,360,796,2,0.0969,0.0,Vehicle,No,Approved
APP-10273,36,Male,Not Graduate,Salaried,30174.7,10012.94,120,642,4,0.2201,23669.31,Home,No,Approved
APP-10274,37,Male,,Salaried,49143.55,24061.79,120,776,2,0.449,0.0,Vehicle,No,Approved
APP-10275,49,Female,Graduate,Salaried,27145.9,13854.03,36,608,4,0.6448,0.0,Education,Yes,Rejected
APP-10276,24,Male,Graduate,Salaried,20000.0,14869.56,360,474,1,0.203,0.0,Vehicle,No,Approved
APP-10277,69,Male,Graduate,Salaried,87394.0,32875.53,48,733,3,0.334,0.0,Personal,No,Approved
APP-10278,58,Female,Not Graduate,Salaried,27820.95,5000.0,60,725,1,0.3188,11296.04,Business,No,Approved
APP-10279,50,Female,Not Graduate,Self-Employed,33657.48,11563.55,36,677,0,0.1605,0.0,Personal,No,Approved
APP-10280,44,Male,Graduate,Salaried,74230.39,17300.12,60,663,0,0.416,24608.66,Home,No,Approved
APP-10281,56,Male,Graduate,Self-Employed,50773.1,28242.14,240,797,2,0.4848,0.0,Personal,No,Approved
APP-10282,35,Female,Graduate,Salaried,85491.36,10300.3,240,749,1,0.1383,0.0,Personal,Yes,Rejected
APP-10283,57,Female,Graduate,Salaried,74799.84,22765.4,240,745,1,0.5043,48177.21,Home,No,Approved
APP-10284,18,Female,Not Graduate,Self-Employed,39076.82,18820.23,120,689,3,0.4701,0.0,Education,No,Approved
APP-10285,28,Female,Graduate,Self-Employed,81712.31,24034.36,12,572,2,0.1684,0.0,Personal,No,Approved
APP-10286,44,Female,Graduate,Salaried,53310.0,25892.68,120,685,2,0.439,49858.87,Home,No,Approved
APP-10287,42,Female,Graduate,Self-Employed,36345.0,6552.92,180,708,0,0.2862,7678.23,Business,No,Rejected
APP-10288,67,Male,Graduate,Self-Employed,56681.37,43075.79,360,677,3,0.4587,0.0,Vehicle,No,Approved
APP-10289,40,Female,Not Graduate,Salaried,25470.0,7733.67,240,701,1,0.3477,18246.98,Home,No,Rejected
APP-10290,48,Male,Graduate,Salaried,74378.62,55493.93,240,596,0,0.0789,0.0,Personal,No,Approved
APP-10291,47,Female,Graduate,Salaried,69707.24,22869.89,180,717,1,0.5222,0.0,Education,No,Rejected
APP-10292,59,Male,Not Graduate,Salaried,52061.41,33698.73,24,780,0,0.3834,84151.62,Home,No,Approved
APP-10293,52,Male,Graduate,Self-Employed,20000.0,5446.62,12,816,3,0.4849,11395.47,Business,Yes,Rejected
APP-10294,24,Female,Graduate,Salaried,87308.44,49664.38,24,671,1,0.1256,70727.59,Business,No,Approved
APP-10295,33,Male,Not Graduate,Self-Employed,60994.95,19921.03,120,664,0,0.4828,0.0,Personal,No,Approved
APP-10296,43,Male,Not Graduate,Salaried,48461.3,22118.29,24,567,2,0.2982,0.0,Vehicle,No,Approved
APP-10297,65,Male,Graduate,Salaried,44786.71,25603.21,48,631,2,0.5296,0.0,Education,No,Approved
APP-10298,69,Female,Not Graduate,Salaried,37482.91,19199.41,36,714,0,0.4095,0.0,Vehicle,No,Approved
APP-10299,66,Male,Graduate,Salaried,41264.78,20772.54,120,677,0,0.2629,0.0,Vehicle,Yes,Approved
APP-10300,19,Female,Graduate,Salaried,72013.46,10512.28,240,843,1,0.1712,0.0,Personal,No,Approved
APP-10301,18,Female,Graduate,Self-Employed,37859.0,10386.89,120,651,1,0.5396,0.0,Vehicle,No,Rejected
APP-10302,65,Female,Graduate,Salaried,42738.0,21381.4,24,689,2,0.3861,40115.21,Business,No,Approved
APP-10303,29,Male,Graduate,Self-Employed,45991.11,5188.81,60,707,2,0.6425,0.0,Education,No,Approved
APP-10304,22,Female,Graduate,Self-Employed,46625.43,12843.02,120,677,0,0.2741,0.0,Personal,No,Rejected
APP-10305,54,Male,Graduate,Self-Employed,35993.51,9373.78,360,701,2,0.4614,0.0,Personal,Yes,Approved
APP-10306,49,Female,Not Graduate,Self-Employed,45022.0,12376.44,120,594,0,0.424,15509.32,Home,No,Rejected
APP-10307,26,Male,Graduate,Salaried,58200.95,27641.18,60,713,4,0.4325,0.0,Vehicle,No,Rejected
APP-10308,58,Male,Graduate,Salaried,31182.04,15820.9,12,770,1,0.4922,24020.73,Business,Yes,Rejected
APP-10309,52,Female,Graduate,Salaried,45126.04,33226.24,60,608,3,0.1335,69913.27,Home,No,Approved
APP-10310,36,Male,Graduate,Salaried,128732.53,47659.58,60,744,0,0.3798,72514.24,Business,No,Rejected
APP-10311,44,Female,Not Graduate,Self-Employed,47497.28,35556.71,120,700,0,0.3555,46440.2,Home,No,Approved
APP-10312,33,Female,Graduate,Salaried,30785.17,17127.88,180,687,1,0.2555,0.0,Business,No,Approved
APP-10313,20,Male,Graduate,Salaried,29036.07,21453.66,48,628,1,0.3117,23823.42,Home,No,Approved
APP-10314,37,Male,Graduate,Salaried,26040.35,17796.77,180,662,1,0.3613,33840.92,Home,No,Approved
APP-10315,41,Female,Not Graduate,Salaried,110587.05,64285.1,60,715,2,0.2426,157893.12,Home,No,Rejected
APP-10316,50,Male,Not Graduate,Salaried,81146.48,28342.37,120,646,0,0.2259,50386.67,Business,No,Approved
APP-10317,44,Male,Graduate,Self-Employed,25724.2,6914.08,48,601,1,0.493,9663.51,Home,No,Approved
APP-10318,69,Female,Graduate,Salaried,54548.92,13946.74,240,598,0,0.0902,0.0,Education,No,Approved
APP-10319,28,Male,Not Graduate,Salaried,90437.84,69322.57,360,702,2,0.2378,121216.89,Home,No,Approved
APP-10320,66,Male,Not Graduate,Salaried,48039.0,37038.06,24,719,3,0.4422,0.0,Personal,No,Approved
APP-10321,25,Female,Graduate,Self-Employed,38337.85,23285.72,48,674,1,0.1753,45242.23,Business,No,Approved
APP-10322,53,Male,Graduate,Salaried,150309.21,100000.0,240,825,1,0.3934,0.0,Personal,No,Approved
APP-10323,44,Male,Not Graduate,Self-Employed,20000.0,14865.95,240,543,1,0.231,33030.89,Home,No,Rejected
APP-10324,57,Female,Graduate,Salaried,182826.04,83750.66,360,710,1,0.556,145202.71,Home,No,Rejected
APP-10325,37,Male,Not Graduate,Salaried,49143.55,27294.66,36,532,2,0.26,36633.06,Business,No,Rejected
APP-10326,52,Female,Not Graduate,Salaried,93453.11,36739.05,12,671,0,0.1877,0.0,Vehicle,No,Approved
APP-10327,65,Female,Not Graduate,Salaried,26895.0,10568.19,360,700,2,0.3681,0.0,Education,No,Approved
APP-10328,42,Female,Graduate,Self-Employed,34105.29,5000.0,12,665,3,0.1314,6816.07,Home,No,Approved
APP-10329,52,Female,Graduate,Salaried,28567.4,11531.95,36,523,1,0.5285,0.0,Education,No,Approved
APP-10330,42,Male,Graduate,Salaried,46605.99,26632.66,36,672,1,0.458,62842.86,Home,No,Approved
APP-10331,46,Male,Graduate,Self-Employed,57174.49,22606.08,360,680,1,0.5123,0.0,Education,No,Rejected
APP-10332,35,Female,Graduate,Salaried,83567.0,59389.78,12,751,1,0.2893,84971.25,Business,No,Approved
APP-10333,63,Female,Graduate,Salaried,20832.56,6932.95,180,565,1,0.551,0.0,Vehicle,No,Rejected
APP-10334,35,Female,Not Graduate,Self-Employed,53020.93,10226.54,24,795,1,0.3461,0.0,Personal,No,Approved
APP-10335,19,Male,Graduate,Salaried,76684.47,51232.21,180,478,1,0.1068,108572.56,Home,No,Approved
APP-10336,52,Male,Graduate,Self-Employed,84212.02,48149.36,12,576,0,0.1844,0.0,Vehicle,Yes,Approved
APP-10337,44,Male,Graduate,Salaried,39330.0,10590.51,240,694,0,0.4766,15637.19,Home,No,Approved
APP-10338,58,Female,Graduate,Self-Employed,39575.36,18818.71,24,704,0,0.5879,39684.65,Home,No,Rejected
APP-10339,53,Male,Graduate,Salaried,46816.35,17850.92,36,800,1,0.1071,21594.42,Business,No,Approved
APP-10340,50,Female,Graduate,Self-Employed,53799.87,40737.36,240,695,0,0.5685,0.0,Vehicle,Yes,Approved
APP-10341,21,Female,Graduate,Salaried,94023.39,49374.73,36,671,1,0.5294,0.0,Business,No,Rejected
APP-10342,44,Female,Graduate,Self-Employed,26767.73,5644.58,12,715,1,0.2639,0.0,Home,No,Approved
APP-10343,31,Female,Graduate,Salaried,33086.0,14938.57,360,492,2,0.4636,20769.84,Home,No,Approved
APP-10344,38,Male,Not Graduate,Salaried,25192.32,17730.1,240,599,4,0.1622,29647.95,Home,No,Approved
APP-10345,65,Female,Not Graduate,Salaried,60710.81,34608.06,48,585,0,0.538,0.0,Vehicle,No,Rejected
APP-10346,37,Female,Graduate,Self-Employed,85023.6,58642.18,240,756,1,0.4444,106813.4,Business,No,Approved
APP-10347,25,Female,Graduate,Self-Employed,24089.15,6631.25,60,784,1,0.3133,10571.08,Home,No,Approved
APP-10348,24,Female,Graduate,Salaried,51243.89,36990.2,36,829,1,0.5687,70389.5,Business,No,Rejected
APP-10349,20,Male,Not Graduate,Salaried,82002.22,51573.49,12,725,0,0.134,0.0,Personal,No,Approved
APP-10350,34,Male,Graduate,Self-Employed,72567.57,44283.61,60,751,1,0.5575,0.0,Education,No,Rejected
APP-10351,50,Female,Not Graduate,Salaried,72140.94,24713.95,120,687,1,0.0643,38442.99,Business,Yes,Rejected
APP-10352,65,Male,Graduate,Self-Employed,27039.72,19505.39,48,640,3,0.5019,0.0,Personal,No,Rejected
APP-10353,44,Male,Graduate,Salaried,72021.3,39365.8,180,593,1,0.394,0.0,Vehicle,Yes,Rejected
APP-10354,68,Male,Not Graduate,Self-Employed,44669.1,31102.54,36,586,0,0.468,63754.44,Home,No,Approved
APP-10355,39,Male,Not Graduate,Salaried,83707.25,29521.87,180,570,2,0.2974,53602.56,Home,Yes,Rejected
APP-10356,39,Male,Not Graduate,Salaried,61364.29,12392.92,12,738,0,0.569,25865.92,Business,No,Approved
APP-10357,63,Male,Graduate,Self-Employed,32605.94,10845.91,180,647,0,0.2379,0.0,Education,No,Rejected
APP-10358,47,Female,Graduate,Self-Employed,56353.86,23594.52,12,622,1,0.215,0.0,Personal,No,Rejected
APP-10359,44,Male,Graduate,Self-Employed,49143.55,34940.86,12,517,0,0.231,0.0,Personal,No,Approved
APP-10360,55,Male,Graduate,Salaried,38056.15,17413.22,24,606,0,0.5146,29661.17,Home,Yes,Approved
APP-10361,62,Female,Graduate,Salaried,52281.66,25212.21,24,657,1,0.3472,0.0,Vehicle,No,Approved
APP-10362,68,Male,Graduate,Salaried,25126.92,17317.32,48,557,2,0.3723,0.0,Education,No,Rejected
APP-10363,25,Male,Graduate,Self-Employed,64506.16,14131.42,12,850,0,0.549,0.0,Education,No,Approved
APP-10364,44,Male,Not Graduate,Salaried,47660.97,15310.41,48,572,1,0.55,0.0,Vehicle,No,Rejected
APP-10365,44,Male,Graduate,Salaried,77423.31,55901.64,24,772,0,0.147,91398.39,Business,No,Approved
APP-10366,51,Female,Not Graduate,Salaried,63604.11,31313.62,48,677,2,0.3799,47953.27,Business,No,Approved
APP-10367,38,Male,Graduate,Salaried,39991.15,20330.42,48,634,1,0.1256,38219.54,Home,No,Approved
APP-10368,47,Female,Graduate,Self-Employed,32107.0,13954.92,360,660,2,0.5711,25298.06,Business,Yes,Approved
APP-10369,50,Female,Graduate,Salaried,28618.0,13859.31,360,681,0,0.5522,0.0,Education,No,Rejected
APP-10370,45,Male,Not Graduate,Salaried,38036.0,9077.52,12,677,1,0.5596,16569.54,Business,No,Approved
APP-10371,64,Female,Graduate,Salaried,76385.51,36879.45,60,601,2,0.4729,81672.57,Home,No,Approved
APP-10372,50,Male,Graduate,Salaried,20371.0,16256.47,180,724,2,0.3301,31278.03,Business,No,Approved
APP-10373,22,Female,Graduate,Salaried,29206.24,14493.11,48,677,3,0.2928,33904.77,Home,Yes,Rejected
APP-10374,65,Female,Graduate,Salaried,75319.9,9873.06,60,573,0,0.2871,19417.7,Home,No,Approved
APP-10375,36,Female,Graduate,Self-Employed,95270.56,62640.86,24,645,2,0.0897,70808.08,Home,No,Approved
APP-10376,44,Male,Not Graduate,Salaried,29984.0,11319.96,36,793,0,0.6193,0.0,Personal,No,Rejected
APP-10377,52,Male,Not Graduate,Salaried,49143.55,6028.93,180,697,0,0.3202,13978.38,Home,No,Approved
APP-10378,66,Male,,Salaried,99069.82,69721.76,180,677,1,0.6081,0.0,Vehicle,No,Rejected
APP-10379,34,Male,Graduate,Self-Employed,46083.16,10994.58,48,648,3,0.5776,25020.35,Home,No,Approved
APP-10380,61,Male,Graduate,Salaried,31342.45,23335.62,12,654,0,0.5472,27265.1,Business,No,Rejected
APP-10381,44,Male,Graduate,Self-Employed,82644.95,33823.07,12,697,1,0.403,0.0,Vehicle,No,Approved
APP-10382,47,Male,Not Graduate,Salaried,63053.6,39090.31,48,658,1,0.1109,49855.71,Home,No,Rejected
APP-10383,46,Male,Graduate,Self-Employed,70850.48,34213.49,48,716,2,0.2443,0.0,Vehicle,No,Approved
APP-10384,63,Female,Not Graduate,Salaried,32170.0,8995.9,120,705,3,0.4122,10435.19,Home,No,Approved
APP-10385,70,Male,Not Graduate,Self-Employed,59125.21,33687.36,180,584,0,0.0581,0.0,Vehicle,No,Approved
APP-10386,23,Male,Not Graduate,Salaried,91413.01,70437.27,360,722,3,0.0756,118027.17,Home,No,Approved
APP-10387,52,Female,Graduate,Salaried,67534.72,43137.52,360,603,0,0.4566,106355.77,Business,No,Approved
APP-10388,58,Male,Graduate,Self-Employed,77647.53,40595.11,60,600,1,0.5829,54474.03,Home,Yes,Rejected
APP-10389,54,Female,Graduate,Salaried,98871.0,78448.17,36,677,1,0.5631,108927.96,Business,Yes,Rejected
APP-10390,41,Male,Graduate,Self-Employed,60708.25,17346.09,36,700,1,0.1509,35505.5,Business,No,Approved
APP-10391,46,Female,Graduate,Salaried,36954.38,5308.09,120,729,3,0.5967,6165.72,Home,No,Approved
APP-10392,66,Female,Not Graduate,Self-Employed,76005.09,9309.99,12,507,0,0.4678,0.0,Home,No,Rejected
APP-10393,63,Female,,Self-Employed,28201.98,16850.16,180,743,1,0.48,0.0,Personal,No,Approved
APP-10394,70,Female,Graduate,Self-Employed,43863.61,29878.25,36,713,2,0.2324,67195.01,Home,No,Approved
APP-10395,48,Female,Graduate,Self-Employed,65778.0,35820.71,60,677,4,0.4796,0.0,Vehicle,No,Approved
APP-10396,52,Female,Graduate,Self-Employed,20000.0,14670.37,180,661,1,0.4759,0.0,Home,No,Rejected
APP-10397,50,Female,Graduate,Self-Employed,55616.3,32734.82,180,677,0,0.4068,0.0,Vehicle,No,Approved
APP-10398,69,Female,Graduate,Salaried,56943.4,20480.73,360,400,0,0.264,0.0,Education,No,Rejected
APP-10399,38,Female,Graduate,Salaried,27778.91,6302.5,12,677,0,0.5366,0.0,Personal,No,Rejected
APP-10400,49,Male,Graduate,Self-Employed,57695.26,43112.97,36,772,0,0.6125,0.0,Education,No,Approved
APP-10401,40,Female,Graduate,Self-Employed,53904.77,9299.54,360,677,2,0.5719,0.0,Personal,Yes,Rejected
APP-10402,50,Male,Not Graduate,Self-Employed,49860.58,23937.66,240,673,1,0.1958,0.0,Vehicle,No,Approved
APP-10403,20,Male,Graduate,Self-Employed,88851.07,28415.07,24,670,0,0.3174,39174.25,Business,No,Approved
APP-10404,35,Male,Graduate,Self-Employed,76073.46,22060.58,240,737,0,0.2554,40683.59,Home,No,Approved
APP-10405,42,Male,Graduate,Salaried,67507.0,37269.74,240,647,3,0.4745,0.0,Vehicle,No,Approved
APP-10406,59,Male,Graduate,Salaried,29374.71,7692.23,24,654,0,0.5489,0.0,Education,No,Rejected
APP-10407,48,Male,Graduate,Salaried,48597.6,36032.96,240,695,1,0.1795,0.0,Personal,No,Rejected
APP-10408,20,Female,Not Graduate,Salaried,88629.26,34054.09,36,747,1,0.6184,0.0,Personal,No,Approved
APP-10409,57,Male,,Salaried,44031.88,25281.46,180,773,1,0.4564,0.0,Vehicle,No,Approved
APP-10410,63,Female,Graduate,Self-Employed,106631.16,64984.12,360,654,2,0.1811,94114.45,Home,Yes,Rejected
APP-10411,41,Male,Graduate,Self-Employed,68500.53,39597.36,48,640,1,0.2727,80083.08,Home,No,Approved
APP-10412,67,Male,Graduate,Salaried,115240.93,84400.17,120,668,1,0.1128,0.0,Education,No,Approved
APP-10413,49,Male,Graduate,Salaried,28748.3,7526.06,360,786,0,0.4082,14465.86,Home,No,Approved
APP-10414,64,Female,Not Graduate,Salaried,45372.94,7270.48,60,742,0,0.1515,0.0,Education,No,Rejected
APP-10415,39,Male,Graduate,Salaried,47569.0,6603.8,12,641,1,0.4659,0.0,Education,No,Approved
APP-10416,40,Female,Graduate,Salaried,66375.72,47424.85,36,550,0,0.4923,0.0,Personal,Yes,Rejected
APP-10417,19,Female,Graduate,Salaried,33884.1,26473.68,360,768,4,0.3376,64199.09,Home,No,Rejected
APP-10418,44,Male,Graduate,Salaried,21942.85,6841.09,36,777,1,0.1063,0.0,Personal,No,Approved
APP-10419,59,Male,Not Graduate,Salaried,59224.99,34673.85,24,677,0,0.416,59772.21,Business,Yes,Rejected
APP-10420,19,Female,Not Graduate,Self-Employed,40813.3,5000.0,48,644,0,0.2733,11624.15,Home,No,Approved
APP-10421,43,Female,Not Graduate,Salaried,38740.91,8989.52,60,677,1,0.62,0.0,Vehicle,No,Approved
APP-10422,34,Female,Graduate,Salaried,34668.8,20194.3,180,710,2,0.3579,38493.38,Home,Yes,Approved
APP-10423,57,Female,Graduate,Salaried,52153.39,7620.71,180,520,2,0.0934,18139.18,Home,No,Approved
APP-10424,50,Male,Graduate,Salaried,28611.71,12244.58,360,589,1,0.4316,0.0,Vehicle,No,Rejected
APP-10425,26,Male,Graduate,Self-Employed,44484.77,25080.88,240,726,1,0.5176,37835.78,Home,No,Rejected
APP-10426,60,Male,Not Graduate,Self-Employed,32391.0,20606.36,24,699,3,0.1463,0.0,Education,No,Approved
APP-10427,65,Male,Not Graduate,Salaried,49143.55,15098.49,240,677,0,0.3194,0.0,Education,No,Approved
APP-10428,56,Female,Graduate,Salaried,58507.2,31664.03,240,742,1,0.4959,59201.14,Business,No,Approved
APP-10429,46,Female,Not Graduate,Salaried,49143.55,32433.23,60,699,0,0.0623,0.0,Vehicle,No,Rejected
APP-10430,59,Male,Graduate,Self-Employed,42064.0,5746.53,36,713,1,0.0674,9459.03,Home,No,Approved
APP-10431,43,Male,Graduate,Salaried,79532.04,49306.94,360,634,0,0.4561,58786.51,Home,No,Rejected
APP-10432,52,Female,Not Graduate,Salaried,30141.05,6650.72,180,689,1,0.4851,12662.79,Home,Yes,Approved
APP-10433,67,Male,Graduate,Self-Employed,22926.55,5000.0,12,705,0,0.5575,0.0,Education,Yes,Rejected
APP-10434,42,Female,Graduate,Self-Employed,25130.5,10449.7,240,816,0,0.2898,23113.9,Business,No,Approved
APP-10435,41,Male,Graduate,Self-Employed,28632.47,20212.99,60,614,2,0.2839,37973.84,Home,No,Rejected
APP-10436,30,Female,,Salaried,49143.55,5227.23,120,737,2,0.3814,0.0,Vehicle,No,Rejected
APP-10437,24,Male,Not Graduate,Salaried,134669.24,14678.98,360,670,1,0.5044,0.0,Personal,No,Approved
APP-10438,53,Female,Not Graduate,Self-Employed,49143.55,5000.0,240,739,0,0.4346,0.0,Personal,No,Approved
APP-10439,62,Female,Graduate,Salaried,78332.23,27773.58,36,677,1,0.2464,41412.6,Home,Yes,Rejected
APP-10440,37,Female,Graduate,Salaried,48409.0,24500.65,60,774,1,0.2579,36000.29,Business,Yes,Approved
APP-10441,18,Male,Graduate,Salaried,54846.86,12894.96,48,620,1,0.5078,0.0,Personal,No,Rejected
APP-10442,44,Female,Graduate,Salaried,31167.62,20613.48,12,691,1,0.3708,0.0,Education,No,Approved
APP-10443,63,Male,Graduate,Salaried,57683.49,36185.31,60,715,1,0.1088,0.0,Personal,Yes,Approved
APP-10444,33,Female,Graduate,Salaried,31040.27,18223.88,180,625,2,0.1418,0.0,Personal,No,Approved
APP-10445,31,Male,Graduate,Salaried,77760.05,34309.98,12,704,0,0.5607,49165.31,Home,No,Rejected
APP-10446,29,Male,Not Graduate,Self-Employed,81044.75,28823.72,48,760,1,0.6493,71237.37,Business,Yes,Rejected
APP-10447,68,Male,Not Graduate,Salaried,45824.26,16630.11,120,674,3,0.2514,27587.81,Home,Yes,Rejected
APP-10448,40,Female,Graduate,Salaried,47349.8,21409.18,360,740,0,0.282,33047.59,Home,No,Approved
APP-10449,32,Male,Graduate,Salaried,60862.0,9380.05,240,677,1,0.1427,0.0,Personal,No,Approved
APP-10450,45,Female,Graduate,Salaried,59326.11,34267.58,24,592,0,0.1914,0.0,Personal,No,Approved
APP-10451,44,Female,Not Graduate,Salaried,81803.33,28308.47,36,735,1,0.3048,0.0,Personal,No,Approved
APP-10452,19,Female,Graduate,Self-Employed,80653.94,20754.77,60,635,1,0.2206,34989.54,Home,No,Approved
APP-10453,49,Male,Graduate,Salaried,49143.55,14245.83,180,545,1,0.4709,0.0,Personal,No,Approved
APP-10454,40,Male,Graduate,Self-Employed,38614.68,8734.87,36,619,1,0.3727,0.0,Personal,No,Approved
APP-10455,39,Female,Graduate,Salaried,73556.56,53777.03,180,787,2,0.543,0.0,Personal,No,Rejected
APP-10456,68,Female,,Salaried,45336.02,9898.04,60,764,1,0.4847,0.0,Education,No,Rejected
APP-10457,44,Male,Not Graduate,Self-Employed,51889.51,37259.17,120,590,1,0.1269,47025.44,Business,Yes,Approved
APP-10458,39,Female,Graduate,Salaried,63905.33,31989.12,120,563,2,0.124,43966.72,Home,Yes,Rejected
APP-10459,39,Male,Graduate,Salaried,79839.89,56464.02,48,647,1,0.5874,102338.95,Home,No,Rejected
APP-10460,66,Female,Graduate,Salaried,55849.96,24118.52,240,763,1,0.5417,53504.19,Home,No,Rejected
APP-10461,69,Male,Graduate,Salaried,36548.7,27387.53,360,664,4,0.3308,63730.71,Business,No,Approved
APP-10462,59,Male,Graduate,Salaried,120391.62,29862.36,24,665,0,0.1282,0.0,Education,No,Approved
APP-10463,23,Male,Graduate,Salaried,105363.43,51447.3,360,630,1,0.5891,118965.64,Business,No,Rejected
APP-10464,32,Male,Not Graduate,Salaried,29466.18,5542.21,48,658,4,0.1884,13426.84,Home,Yes,Rejected
APP-10465,60,Male,Graduate,Salaried,31073.61,12835.09,120,747,3,0.0713,0.0,Personal,No,Approved
APP-10466,54,Female,Graduate,Self-Employed,33090.23,16509.79,180,686,1,0.6045,21067.82,Home,No,Rejected
APP-10467,50,Female,Graduate,Self-Employed,74927.44,39259.93,48,663,3,0.5354,0.0,Education,No,Approved
APP-10468,25,Male,Graduate,Self-Employed,122709.08,43668.5,240,732,0,0.4661,0.0,Education,No,Approved
APP-10469,44,Male,Graduate,Salaried,38057.88,5839.41,240,685,0,0.0704,6758.29,Home,Yes,Rejected
APP-10470,61,Male,Graduate,Self-Employed,53350.26,29808.3,12,756,0,0.3671,0.0,Vehicle,No,Rejected
APP-10471,61,Male,Graduate,Self-Employed,33647.6,14868.95,240,677,2,0.4422,18556.8,Business,No,Rejected
APP-10472,22,Female,Graduate,Self-Employed,114702.42,22460.48,36,701,1,0.5056,43596.67,Business,No,Approved
APP-10473,56,Male,Not Graduate,Salaried,74043.95,55911.56,60,751,3,0.3326,0.0,Personal,No,Approved
APP-10474,21,Female,Graduate,Salaried,32457.35,24958.67,240,804,1,0.622,0.0,Personal,Yes,Rejected
APP-10475,23,Male,Not Graduate,Self-Employed,20000.0,13992.49,120,592,1,0.1969,0.0,Personal,Yes,Rejected
APP-10476,62,Female,Graduate,Salaried,82354.92,56883.19,48,666,1,0.0918,0.0,Personal,No,Approved
APP-10477,49,Female,Graduate,Salaried,36818.57,6224.91,48,677,2,0.2497,0.0,Personal,No,Approved
APP-10478,69,Female,Graduate,Self-Employed,74709.76,59423.7,48,602,1,0.4471,0.0,Education,No,Rejected
APP-10479,47,Male,Graduate,Self-Employed,56774.65,21589.5,120,681,2,0.4923,44035.98,Home,No,Rejected
APP-10480,64,Female,Graduate,Self-Employed,20000.0,5000.0,180,517,1,0.4931,8097.63,Business,No,Approved
APP-10481,52,Female,Not Graduate,Self-Employed,32748.47,21891.41,60,677,1,0.1164,36081.95,Home,Yes,Approved
APP-10482,57,Female,Not Graduate,Salaried,41066.0,10595.42,240,724,2,0.5811,19747.8,Business,No,Approved
APP-10483,69,Male,Graduate,Salaried,34965.0,16374.94,180,673,1,0.2185,19824.79,Home,Yes,Rejected
APP-10484,33,Female,Graduate,Salaried,51952.45,9850.77,240,612,2,0.1759,21866.95,Business,No,Approved
APP-10485,30,Male,Graduate,Salaried,59916.0,25898.6,48,660,1,0.4187,61949.39,Home,No,Rejected
APP-10486,67,Male,Not Graduate,Salaried,119931.97,58850.5,240,849,0,0.1771,0.0,Personal,No,Approved
APP-10487,59,Male,Graduate,Salaried,62075.5,25584.22,120,638,1,0.3548,0.0,Vehicle,No,Rejected
APP-10488,47,Male,Not Graduate,Salaried,103316.31,15357.02,36,616,2,0.2942,0.0,Vehicle,No,Approved
APP-10489,36,Female,Graduate,Self-Employed,38622.55,16972.96,240,495,0,0.1892,0.0,Personal,No,Approved
APP-10490,34,Male,Graduate,Self-Employed,87781.56,37593.33,180,677,4,0.2252,0.0,Personal,No,Rejected
APP-10491,36,Female,Not Graduate,Self-Employed,49143.55,11470.88,60,580,0,0.3064,24494.93,Home,No,Approved
APP-10492,44,Female,Not Graduate,Self-Employed,30992.22,23092.96,48,687,0,0.2577,43146.16,Home,No,Approved
APP-10493,43,Female,Not Graduate,Salaried,30344.23,11908.73,12,848,4,0.2789,0.0,Education,No,Approved
APP-10494,54,Female,Graduate,Self-Employed,20000.0,14097.62,36,709,0,0.4913,0.0,Personal,No,Approved
APP-10495,43,Male,Not Graduate,Salaried,75135.0,13281.21,24,708,0,0.151,18997.6,Home,Yes,Approved
APP-10496,70,Male,Graduate,Self-Employed,25716.87,8312.05,240,653,0,0.427,0.0,Vehicle,No,Approved
APP-10497,40,Male,Not Graduate,Self-Employed,99118.62,22146.23,240,705,1,0.4569,0.0,Vehicle,Yes,Rejected
APP-10498,44,Male,Graduate,Self-Employed,44931.29,17338.43,60,686,1,0.5313,0.0,Education,Yes,Rejected
APP-10499,29,Female,Graduate,Salaried,22529.2,5000.0,60,723,3,0.5584,0.0,Education,Yes,Approved
APP-10500,70,Male,Not Graduate,Salaried,49143.55,11457.74,48,677,2,0.1452,0.0,Education,Yes,Approved
APP-10501,18,Male,Not Graduate,Salaried,53923.27,18749.63,12,710,1,0.133,22404.25,Home,No,Approved
APP-10502,18,Female,Graduate,Salaried,20000.0,5126.41,12,714,1,0.4189,0.0,Education,No,Approved
APP-10503,64,Female,Graduate,Salaried,65839.32,36180.39,120,850,2,0.5041,52253.83,Business,No,Approved
APP-10504,51,Female,Not Graduate,Salaried,22967.46,17584.76,48,679,1,0.2134,0.0,Personal,No,Approved
APP-10505,49,Male,Not Graduate,Salaried,33877.69,8299.34,48,697,0,0.3655,0.0,Home,No,Rejected
APP-10506,65,Female,Graduate,Salaried,54141.71,32390.47,36,711,3,0.5133,63059.99,Home,No,Rejected
APP-10507,42,Male,Graduate,Self-Employed,61932.81,38377.7,360,713,0,0.5105,44376.97,Home,No,Approved
APP-10508,57,Female,Not Graduate,Salaried,73047.11,32775.1,36,581,0,0.4423,0.0,Personal,No,Rejected
APP-10509,62,Male,Graduate,Self-Employed,25507.48,18578.83,240,745,0,0.0973,0.0,Education,Yes,Approved
APP-10510,70,Female,Graduate,Self-Employed,42014.65,32623.24,24,606,3,0.0804,74076.52,Home,Yes,Rejected
APP-10511,18,Female,Graduate,Salaried,84669.0,29936.48,48,712,2,0.2831,0.0,Vehicle,Yes,Approved
APP-10512,33,Male,Graduate,Self-Employed,42019.71,23351.33,12,611,1,0.066,0.0,Education,No,Rejected
APP-10513,56,Female,Graduate,Salaried,56791.0,32004.63,60,662,1,0.5925,0.0,Education,Yes,Rejected
APP-10514,22,Female,Graduate,Salaried,53168.41,20339.3,24,642,2,0.0621,50002.72,Business,Yes,Rejected
APP-10515,39,Male,Graduate,Salaried,93959.45,30231.81,12,660,1,0.0678,0.0,Personal,No,Rejected
APP-10516,46,Female,Not Graduate,Salaried,38833.77,29265.94,12,673,2,0.1492,35613.8,Home,Yes,Rejected
APP-10517,20,Male,Graduate,Salaried,24465.65,15975.75,24,677,1,0.4262,0.0,Vehicle,Yes,Approved
APP-10518,29,Female,Graduate,Salaried,30214.1,5442.32,60,672,0,0.3749,7866.2,Business,No,Approved
APP-10519,43,Female,Graduate,Salaried,53875.01,9908.63,360,749,1,0.4457,20271.94,Business,No,Approved
APP-10520,33,Female,Graduate,Salaried,22364.49,16678.99,120,637,1,0.5861,37169.34,Business,No,Approved
APP-10521,68,Male,Graduate,Salaried,37338.98,5861.73,48,714,2,0.323,0.0,Education,No,Approved
APP-10522,54,Female,Graduate,Salaried,50904.58,29621.12,36,613,2,0.0763,53949.95,Home,No,Approved
APP-10523,39,Female,Graduate,Salaried,33413.12,8645.0,240,822,1,0.5081,20302.46,Business,Yes,Approved
APP-10524,46,Female,Not Graduate,Salaried,49143.55,7194.11,36,714,3,0.5372,11785.09,Business,No,Approved
APP-10525,31,Male,Graduate,Salaried,70418.12,9981.51,12,624,3,0.0799,12119.09,Home,No,Approved
APP-10526,45,Male,Graduate,Salaried,61540.72,22244.85,48,818,1,0.1957,55453.11,Business,Yes,Approved
APP-10527,22,Female,Graduate,Salaried,22612.26,5000.0,60,721,1,0.5124,0.0,Vehicle,Yes,Rejected
APP-10528,64,Male,Not Graduate,Self-Employed,51000.52,26400.29,60,624,1,0.2757,35703.55,Business,No,Rejected
APP-10529,66,Female,Not Graduate,Salaried,53035.73,29332.9,60,669,1,0.3336,34269.47,Business,No,Rejected
APP-10530,47,Female,Graduate,Self-Employed,40519.35,14644.83,240,588,2,0.5439,0.0,Vehicle,No,Rejected
APP-10531,63,Female,Graduate,Self-Employed,57334.37,35548.15,240,588,1,0.1068,59540.13,Home,No,Approved
APP-10532,69,Female,Graduate,Salaried,56314.78,24949.12,48,776,1,0.4564,31686.6,Business,No,Approved
APP-10533,22,Male,Graduate,Salaried,46843.26,18791.64,360,608,1,0.179,46419.61,Home,No,Approved
APP-10534,29,Male,Graduate,Self-Employed,29669.18,11419.42,12,572,1,0.0876,0.0,Education,Yes,Rejected
APP-10535,33,Male,Not Graduate,Self-Employed,48372.63,19434.89,60,730,0,0.4475,43847.75,Business,No,Approved
APP-10536,43,Male,Not Graduate,Salaried,124674.98,96937.46,60,812,4,0.1228,130598.76,Home,No,Approved
APP-10537,43,Female,Graduate,Self-Employed,40289.51,23246.44,60,677,0,0.4982,30088.81,Business,No,Approved
APP-10538,65,Female,Not Graduate,Self-Employed,49143.55,26535.48,240,850,3,0.1716,53310.05,Home,No,Approved
APP-10539,38,Male,Graduate,Salaried,49982.51,30674.36,360,850,0,0.0791,72791.31,Business,No,Rejected
APP-10540,56,Male,Graduate,Self-Employed,32847.65,10878.72,36,607,1,0.1096,13711.01,Home,No,Approved
APP-10541,53,Male,Graduate,Salaried,42264.45,7945.74,360,655,3,0.5548,15295.2,Home,No,Rejected
APP-10542,50,Female,,Salaried,49143.55,21035.67,240,554,0,0.2726,0.0,Vehicle,No,Rejected
APP-10543,47,Female,Not Graduate,Self-Employed,68023.31,42563.32,36,586,0,0.2314,51881.08,Home,Yes,Rejected
APP-10544,54,Female,Not Graduate,Self-Employed,161139.02,58712.93,24,765,2,0.3447,0.0,Education,No,Approved
APP-10545,40,Female,Graduate,Salaried,50379.13,35689.68,48,702,0,0.4298,0.0,Personal,Yes,Approved
APP-10546,27,Male,Graduate,Salaried,26491.27,9824.73,24,796,0,0.0723,0.0,Personal,No,Approved
APP-10547,22,Male,Graduate,Salaried,21433.52,7392.15,48,677,4,0.5889,16536.45,Home,No,Approved
APP-10548,53,Male,Graduate,Self-Employed,39700.05,31711.24,60,636,3,0.6251,75251.67,Business,Yes,Rejected
APP-10549,51,Female,Graduate,Self-Employed,27888.12,12207.48,24,727,2,0.3,0.0,Vehicle,No,Approved
APP-10550,69,Female,Graduate,Self-Employed,64793.02,43000.2,240,764,0,0.2976,0.0,Personal,No,Approved
APP-10551,48,Male,Not Graduate,Self-Employed,65031.55,43147.89,12,549,0,0.5771,85446.29,Business,No,Rejected
APP-10552,27,Female,Not Graduate,Salaried,45570.34,34107.51,36,660,0,0.3076,70387.0,Business,Yes,Approved
APP-10553,36,Female,Graduate,Salaried,68097.33,10856.52,180,677,0,0.5637,0.0,Personal,No,Rejected
APP-10554,49,Male,Not Graduate,Salaried,50634.06,14676.49,12,742,1,0.067,17283.2,Home,No,Approved
APP-10555,18,Male,Graduate,Self-Employed,124715.06,79496.33,24,758,0,0.3438,95567.95,Business,No,Approved
APP-10556,22,Male,Graduate,Salaried,67041.19,33106.35,36,674,2,0.6215,0.0,Education,No,Rejected
APP-10557,62,Male,Graduate,Salaried,76711.62,37721.44,24,581,1,0.2017,0.0,Personal,No,Approved
APP-10558,21,Male,Graduate,Salaried,23764.22,5141.41,24,525,1,0.2097,0.0,Personal,No,Approved
APP-10559,33,Female,Graduate,Salaried,27292.91,8100.73,120,665,3,0.4281,10948.45,Home,Yes,Rejected
APP-10560,41,Female,Not Graduate,Salaried,62281.47,28956.76,180,656,0,0.6057,42953.3,Home,No,Rejected
APP-10561,33,Female,Graduate,Salaried,22592.84,6642.9,120,616,1,0.1692,14373.9,Home,No,Approved
APP-10562,19,Male,Graduate,Salaried,35873.78,8867.93,120,751,0,0.603,15160.62,Home,No,Rejected
APP-10563,66,Male,Not Graduate,Salaried,88406.99,14271.47,360,588,0,0.4478,17262.05,Business,No,Rejected
APP-10564,45,Male,Not Graduate,Salaried,35492.34,7418.19,240,627,1,0.646,17015.13,Business,No,Rejected
APP-10565,49,Female,Graduate,Salaried,26772.58,17086.46,240,773,0,0.4919,42568.48,Business,No,Approved
APP-10566,44,Female,Graduate,Salaried,68444.03,41281.7,120,618,1,0.4507,0.0,Vehicle,Yes,Rejected
APP-10567,37,Male,Graduate,Self-Employed,138242.7,18259.59,60,705,3,0.5389,31717.58,Home,No,Approved
APP-10568,41,Male,Graduate,Salaried,49143.55,7927.51,360,679,2,0.1551,14400.08,Business,Yes,Approved
APP-10569,29,Male,Graduate,Self-Employed,90401.21,44506.21,24,699,1,0.6176,0.0,Personal,No,Rejected
APP-10570,67,Male,Not Graduate,Self-Employed,30742.84,10017.23,180,750,2,0.1494,12119.98,Business,No,Approved
APP-10571,52,Male,Graduate,Salaried,46340.25,31338.74,120,706,1,0.0654,51277.21,Home,No,Approved
APP-10572,50,Male,Graduate,Salaried,47355.28,30756.9,180,569,1,0.4687,49842.36,Home,No,Rejected
APP-10573,50,Female,Graduate,Self-Employed,33157.0,24009.2,48,582,0,0.1608,0.0,Education,No,Rejected
APP-10574,68,Male,Not Graduate,Self-Employed,75939.91,37518.25,360,703,1,0.505,0.0,Vehicle,Yes,Approved
APP-10575,60,Female,Graduate,Self-Employed,22700.44,7864.65,180,606,1,0.527,15922.8,Home,No,Rejected
APP-10576,54,Female,Graduate,Self-Employed,54042.38,28331.46,24,756,1,0.192,0.0,Personal,No,Approved
APP-10577,29,Male,Not Graduate,Salaried,83874.95,13620.93,48,704,1,0.102,0.0,Personal,Yes,Approved
APP-10578,20,Female,Graduate,Salaried,72844.46,7773.25,60,542,2,0.3505,17062.72,Business,No,Approved
APP-10579,18,Female,Not Graduate,Salaried,62668.08,7016.66,24,831,2,0.5841,0.0,Education,No,Approved
APP-10580,50,Male,Graduate,Salaried,108298.84,41725.38,240,650,1,0.5584,53394.5,Business,No,Rejected
APP-10581,57,Male,Graduate,Salaried,43922.91,11404.77,12,663,0,0.1202,0.0,Personal,No,Approved
APP-10582,27,Male,Graduate,Self-Employed,22871.27,5000.0,36,713,3,0.6289,8418.49,Home,No,Approved
APP-10583,60,Male,Not Graduate,Salaried,52449.36,27836.35,12,673,0,0.2084,0.0,Personal,No,Approved
APP-10584,61,Male,Graduate,Salaried,46033.23,36668.53,60,756,1,0.2596,0.0,Education,No,Rejected
APP-10585,46,Female,Graduate,Self-Employed,49143.55,5000.0,240,598,3,0.1394,0.0,Education,Yes,Rejected
APP-10586,30,Female,Graduate,Self-Employed,27929.8,13475.99,180,771,3,0.2767,31052.25,Business,No,Approved
APP-10587,29,Male,Graduate,Salaried,26204.51,5000.0,360,734,0,0.431,0.0,Education,No,Approved
APP-10588,48,Female,Graduate,Self-Employed,32621.72,24595.65,24,618,2,0.3536,0.0,Education,Yes,Rejected
APP-10589,63,Male,Not Graduate,Self-Employed,41126.7,12511.92,240,700,1,0.5465,16432.17,Business,Yes,Rejected
APP-10590,19,Female,Graduate,Salaried,41921.87,29967.34,240,677,1,0.4348,51376.6,Home,No,Approved
APP-10591,68,Female,Not Graduate,Salaried,33209.71,9901.59,120,721,1,0.2081,11635.46,Home,Yes,Rejected
APP-10592,67,Female,Graduate,Salaried,26187.32,17394.58,36,691,3,0.3845,34580.63,Home,No,Approved
APP-10593,52,Male,Graduate,Salaried,59202.9,14597.48,24,729,2,0.088,0.0,Education,Yes,Rejected
APP-10594,40,Male,Graduate,Salaried,51962.93,15846.23,240,736,5,0.3985,0.0,Education,No,Rejected
APP-10595,34,Female,Not Graduate,Self-Employed,52750.88,12382.36,120,639,2,0.2838,0.0,Vehicle,No,Approved
APP-10596,43,Male,Graduate,Self-Employed,119313.0,34002.05,48,692,1,0.109,60343.26,Home,Yes,Approved
APP-10597,25,Female,Graduate,Self-Employed,49143.55,36396.69,60,747,1,0.2345,65410.44,Home,No,Approved
APP-10598,46,Female,Not Graduate,Self-Employed,40809.54,22335.99,60,690,0,0.5889,0.0,Education,No,Rejected
APP-10599,43,Male,Graduate,Self-Employed,46494.86,17859.41,360,622,1,0.4016,32496.51,Home,No,Rejected
APP-10600,27,Female,Graduate,Salaried,51503.74,40176.25,360,702,0,0.592,75904.86,Home,No,Approved
APP-10601,43,Male,Graduate,Salaried,66695.76,28372.58,240,677,2,0.2965,0.0,Personal,No,Rejected
APP-10602,44,Female,Not Graduate,Self-Employed,47936.85,37334.75,240,726,2,0.6373,0.0,Vehicle,No,Approved
APP-10603,44,Male,Graduate,Salaried,20000.0,5000.0,24,794,2,0.266,0.0,Personal,Yes,Approved
APP-10604,58,Male,Graduate,Salaried,39404.13,28892.96,36,734,2,0.5041,70729.28,Home,Yes,Approved
APP-10605,24,Male,Not Graduate,Salaried,49057.41,5380.4,240,614,1,0.2332,0.0,Personal,No,Approved
APP-10606,21,Male,Not Graduate,Salaried,94098.82,45328.55,60,704,3,0.1136,0.0,Vehicle,Yes,Approved
APP-10607,70,Male,Not Graduate,Salaried,33092.18,13109.03,180,677,5,0.5498,15029.66,Business,No,Rejected
APP-10608,67,Male,Graduate,Self-Employed,21641.53,10118.75,240,672,1,0.5075,0.0,Education,No,Rejected
APP-10609,62,Female,Graduate,Salaried,50624.38,24674.9,120,755,1,0.5424,0.0,Education,No,Approved
APP-10610,28,Male,Not Graduate,Self-Employed,49143.55,28144.92,60,712,2,0.2298,0.0,Business,No,Rejected
APP-10611,46,Male,Graduate,Salaried,40267.04,32162.83,240,688,2,0.4722,0.0,Vehicle,No,Approved
APP-10612,53,Male,Graduate,Self-Employed,161381.23,100000.0,12,850,1,0.182,0.0,Vehicle,Yes,Approved
APP-10613,42,Male,Graduate,Salaried,143451.03,100000.0,12,543,2,0.0568,239179.91,Home,Yes,Rejected
APP-10614,38,Male,Graduate,Self-Employed,47276.26,37128.86,12,561,0,0.5699,65769.7,Home,No,Approved
APP-10615,53,Female,Graduate,Salaried,53817.64,35256.4,36,718,0,0.3641,0.0,Personal,No,Rejected
APP-10616,27,Male,Graduate,Salaried,97184.42,76971.36,120,677,0,0.6402,107310.42,Business,No,Approved
APP-10617,54,Female,Graduate,Salaried,46867.64,33962.74,120,755,5,0.281,0.0,Vehicle,No,Approved
APP-10618,26,Male,Not Graduate,Salaried,32792.52,12826.89,60,677,2,0.6241,0.0,Education,No,Rejected
APP-10619,41,Male,Graduate,Salaried,76455.64,49646.01,180,612,1,0.419,0.0,Vehicle,Yes,Approved
APP-10620,52,Female,Graduate,Salaried,61834.0,45661.06,60,600,2,0.3573,0.0,Personal,No,Approved
APP-10621,66,Female,Graduate,Self-Employed,32739.17,19605.01,24,705,1,0.2317,35757.05,Home,No,Rejected
APP-10622,52,Female,Not Graduate,Self-Employed,56364.0,22317.11,48,601,0,0.5452,31633.54,Business,No,Rejected
APP-10623,65,Male,Graduate,Salaried,45251.0,6608.98,12,769,1,0.547,0.0,Vehicle,No,Approved
APP-10624,53,Female,Graduate,Self-Employed,40435.05,26961.6,180,678,1,0.3002,0.0,Education,No,Rejected
APP-10625,35,Male,Not Graduate,Salaried,33093.1,25379.76,48,623,2,0.4864,0.0,Vehicle,No,Rejected
APP-10626,66,Male,Graduate,Salaried,52088.61,18425.01,48,624,1,0.3183,32475.32,Business,No,Approved
APP-10627,56,Female,Graduate,Salaried,42919.06,8855.67,48,557,1,0.4938,0.0,Personal,No,Rejected
APP-10628,49,Male,Graduate,Salaried,56520.2,18569.86,36,616,1,0.646,38339.71,Home,No,Rejected
APP-10629,41,Male,Graduate,Salaried,73859.42,37508.45,240,635,2,0.2075,77443.99,Home,No,Approved
APP-10630,40,Female,Graduate,Self-Employed,55038.22,17714.07,48,677,1,0.4304,0.0,Personal,No,Approved
APP-10631,49,Male,Graduate,Salaried,49143.55,29278.51,240,672,1,0.2779,0.0,Vehicle,No,Approved
APP-10632,54,Male,Not Graduate,Salaried,37399.46,29051.77,360,611,1,0.379,0.0,Vehicle,Yes,Rejected
APP-10633,29,Female,Graduate,Salaried,88183.75,50221.89,12,581,0,0.5745,88488.03,Home,No,Approved
APP-10634,66,Male,Graduate,Self-Employed,32071.89,11349.01,48,661,1,0.2585,0.0,Personal,No,Approved
APP-10635,30,Female,Graduate,Salaried,21894.79,16531.16,120,515,0,0.093,0.0,Education,No,Approved
APP-10636,44,Female,Graduate,Self-Employed,28695.86,14231.56,240,654,1,0.5294,0.0,Vehicle,No,Approved
APP-10637,42,Male,Graduate,Self-Employed,82218.0,15610.0,120,769,0,0.383,0.0,Vehicle,No,Approved
APP-10638,52,Female,Graduate,Self-Employed,61663.59,27704.63,120,663,0,0.3196,45632.7,Business,Yes,Rejected
APP-10639,58,Female,Graduate,Self-Employed,94463.74,52667.83,48,692,0,0.16,0.0,Education,No,Rejected
APP-10640,47,Male,Graduate,Salaried,25297.84,17374.0,360,683,1,0.1057,20649.73,Business,No,Approved
APP-10641,34,Female,Not Graduate,Self-Employed,156390.15,100000.0,180,569,1,0.2172,0.0,Vehicle,Yes,Approved
APP-10642,66,Male,Not Graduate,Salaried,42538.0,13705.44,120,820,1,0.4813,0.0,Education,No,Approved
APP-10643,37,Female,Graduate,Salaried,20329.5,5000.0,12,647,2,0.2971,8956.93,Business,Yes,Rejected
APP-10644,44,Female,Graduate,Self-Employed,49143.55,22290.36,24,679,0,0.3921,32106.17,Home,No,Rejected
APP-10645,42,Male,Graduate,Self-Employed,25462.16,15706.29,120,627,2,0.0992,0.0,Home,No,Approved
APP-10646,44,Male,Graduate,Salaried,40177.09,26380.71,12,771,1,0.1239,30985.37,Business,No,Approved
APP-10647,30,Male,Graduate,Salaried,44228.47,17097.01,60,563,1,0.0568,26714.63,Home,No,Approved
APP-10648,36,Male,Graduate,Self-Employed,61208.51,23084.65,12,784,1,0.454,28219.98,Home,No,Approved
APP-10649,66,Female,Graduate,Salaried,33002.82,25345.04,36,655,0,0.2087,0.0,Personal,No,Approved
APP-10650,53,Male,Graduate,Salaried,82426.0,61133.48,180,637,2,0.6302,0.0,Business,No,Approved
APP-10651,29,Female,Graduate,Salaried,71454.64,18813.02,60,629,1,0.235,35963.69,Home,No,Rejected
APP-10652,58,Female,Not Graduate,Self-Employed,49490.37,31998.76,12,824,1,0.2682,57762.14,Home,No,Approved
APP-10653,36,Female,Graduate,Salaried,95051.0,50936.7,12,551,2,0.3317,112539.58,Home,No,Approved
APP-10654,29,Male,Graduate,Salaried,47385.5,9854.1,240,637,0,0.2415,14531.71,Home,No,Approved
APP-10655,26,Female,Not Graduate,Salaried,42709.52,14937.22,360,576,1,0.5405,0.0,Personal,No,Approved
APP-10656,24,Female,Graduate,Salaried,133126.01,29850.99,180,534,0,0.5757,48362.8,Home,No,Approved
APP-10657,45,Male,Not Graduate,Self-Employed,56832.75,17425.45,36,784,1,0.0566,0.0,Business,No,Approved
APP-10658,31,Male,Graduate,Self-Employed,29946.7,15893.04,120,677,1,0.4428,32811.67,Home,Yes,Rejected
APP-10659,44,Male,Graduate,Self-Employed,32044.0,11621.9,36,587,0,0.4617,0.0,Personal,Yes,Rejected
APP-10660,69,Female,Graduate,Salaried,49488.0,18599.53,48,677,0,0.6269,46315.1,Home,No,Approved
APP-10661,36,Female,,Self-Employed,20000.0,9555.06,48,647,1,0.2722,22605.72,Home,No,Approved
APP-10662,64,Male,Graduate,Salaried,35721.4,5753.18,36,628,1,0.1672,0.0,Personal,No,Approved
APP-10663,33,Female,Graduate,Salaried,46620.84,28772.43,120,726,2,0.3623,0.0,Education,Yes,Rejected
APP-10664,70,Female,Not Graduate,Salaried,45089.34,17187.91,60,646,1,0.3185,35220.2,Home,Yes,Rejected
APP-10665,22,Male,Graduate,Salaried,26141.47,11404.95,360,602,1,0.525,21038.61,Business,No,Approved
APP-10666,52,Female,Not Graduate,Salaried,39172.96,30633.64,360,735,1,0.592,0.0,Vehicle,Yes,Approved
APP-10667,29,Female,Not Graduate,Salaried,88424.29,30157.71,36,668,2,0.102,0.0,Personal,No,Approved
APP-10668,42,Male,Graduate,Salaried,79743.81,44158.39,360,739,3,0.5579,75454.67,Home,No,Approved
APP-10669,69,Male,Graduate,Salaried,51421.32,19270.3,36,647,3,0.5954,37446.37,Home,Yes,Approved
APP-10670,38,Female,,Self-Employed,49143.55,34383.67,48,761,3,0.6045,56427.0,Home,No,Rejected
APP-10671,53,Male,Graduate,Salaried,45215.11,31321.84,12,681,1,0.5086,46740.44,Business,No,Rejected
APP-10672,70,Male,Graduate,Self-Employed,55168.92,14848.0,60,764,0,0.4952,31001.78,Home,No,Rejected
APP-10673,40,Male,Graduate,Salaried,51600.0,30146.08,360,762,4,0.0589,69961.9,Home,No,Approved
APP-10674,33,Male,Not Graduate,Self-Employed,57645.67,8394.39,24,778,2,0.6021,0.0,Vehicle,No,Approved
APP-10675,56,Female,Graduate,Self-Employed,63000.45,48776.82,48,685,1,0.2609,0.0,Vehicle,No,Approved
APP-10676,62,Male,Not Graduate,Self-Employed,26754.19,9211.28,24,710,0,0.0747,0.0,Home,No,Approved
APP-10677,70,Male,Graduate,Self-Employed,41976.52,28640.16,240,661,1,0.2978,59847.86,Home,No,Approved
APP-10678,59,Female,Not Graduate,Salaried,54119.84,17475.4,360,608,0,0.4897,29841.46,Business,Yes,Rejected
APP-10679,56,Male,Graduate,Salaried,30244.89,16421.15,36,840,1,0.3152,0.0,Personal,No,Approved
APP-10680,31,Female,Graduate,Salaried,34999.51,27597.59,360,619,1,0.5048,42028.9,Home,No,Rejected
APP-10681,48,Female,Graduate,Salaried,43960.71,31375.85,120,752,1,0.3556,61796.47,Home,No,Approved
APP-10682,22,Male,Graduate,Salaried,49143.55,9562.66,120,738,0,0.2297,0.0,Personal,No,Approved
APP-10683,52,Male,Graduate,Self-Employed,54627.98,26398.53,180,694,0,0.1717,63757.21,Business,No,Approved
APP-10684,40,Female,Graduate,Salaried,32079.89,11034.59,60,667,1,0.3027,17571.13,Business,No,Approved
APP-10685,46,Female,Graduate,Salaried,79539.6,32136.96,120,668,0,0.0715,0.0,Education,No,Approved
APP-10686,44,Female,Graduate,Self-Employed,49143.55,15013.83,12,627,0,0.303,23129.97,Home,No,Approved
APP-10687,28,Male,Graduate,Self-Employed,52712.02,17667.57,36,687,2,0.0912,0.0,Business,No,Approved
APP-10688,35,Female,Not Graduate,Self-Employed,40744.81,19548.84,360,585,1,0.5762,0.0,Vehicle,No,Approved
APP-10689,64,Male,Graduate,Self-Employed,55150.74,12925.94,60,739,0,0.3953,28765.59,Business,No,Rejected
APP-10690,29,Female,Graduate,Salaried,113053.0,53833.14,60,661,0,0.4376,0.0,Personal,No,Approved
APP-10691,26,Male,Graduate,Salaried,40556.06,11975.22,240,603,0,0.2233,25914.12,Business,No,Approved
APP-10692,27,Male,Graduate,Self-Employed,37337.44,11286.66,24,577,2,0.1855,24513.34,Business,No,Rejected
APP-10693,61,Male,Graduate,Self-Employed,32367.89,19974.99,180,669,0,0.4747,0.0,Personal,No,Rejected
APP-10694,34,Male,Graduate,Self-Employed,49143.55,5743.77,360,672,2,0.4529,14340.99,Home,No,Approved
APP-10695,55,Male,Graduate,Salaried,47306.27,17345.41,180,638,0,0.124,22492.22,Home,No,Approved
APP-10696,24,Female,Graduate,Self-Employed,50298.05,19378.53,60,720,1,0.1932,31865.57,Home,No,Approved
APP-10697,63,Female,Graduate,Salaried,61953.0,27233.03,120,707,1,0.6179,0.0,Personal,Yes,Approved
APP-10698,30,Male,Graduate,Salaried,58167.62,33057.11,48,684,0,0.232,0.0,Vehicle,No,Approved
APP-10699,57,Female,Graduate,Salaried,48471.89,17390.78,180,605,2,0.0655,0.0,Education,Yes,Rejected
APP-10700,59,Female,Not Graduate,Salaried,130209.61,32447.71,12,620,0,0.0883,64348.26,Home,No,Approved
APP-10701,26,Female,Graduate,Salaried,69240.42,49812.32,48,568,2,0.5153,95971.69,Home,No,Approved
APP-10702,67,Male,Graduate,Salaried,28434.83,22370.45,36,664,1,0.504,49055.85,Business,Yes,Rejected
APP-10703,44,Male,Graduate,Salaried,22638.31,5000.0,48,724,1,0.2791,0.0,Vehicle,No,Rejected
APP-10704,19,Male,Graduate,Salaried,34619.61,16704.89,12,677,2,0.142,0.0,Vehicle,No,Approved
APP-10705,22,Female,Not Graduate,Self-Employed,52909.02,17946.3,24,677,1,0.3489,0.0,Personal,No,Approved
APP-10706,46,Female,Graduate,Self-Employed,33198.17,9756.7,360,675,1,0.2491,0.0,Education,No,Approved
APP-10707,54,Female,Not Graduate,Salaried,35817.0,11998.6,180,724,2,0.2744,13986.45,Business,No,Approved
APP-10708,55,Female,Graduate,Salaried,49143.55,27176.8,120,561,0,0.2066,56719.93,Business,No,Approved
APP-10709,36,Female,Not Graduate,Self-Employed,41316.35,9647.42,24,850,1,0.0877,0.0,Education,No,Approved
APP-10710,25,Male,Graduate,Salaried,20000.0,14780.05,12,740,1,0.5247,0.0,Personal,No,Approved
APP-10711,65,Male,Not Graduate,Salaried,84001.36,35808.11,24,632,1,0.4209,0.0,Personal,Yes,Rejected
APP-10712,62,Female,Not Graduate,Salaried,74792.92,24524.88,180,594,3,0.5508,52307.0,Business,No,Approved
APP-10713,44,Male,Graduate,Salaried,25782.2,16394.18,24,702,0,0.3519,19435.98,Business,No,Approved
APP-10714,39,Female,Graduate,Salaried,50435.25,5620.64,36,717,1,0.641,10421.54,Business,No,Rejected
APP-10715,69,Male,Graduate,Salaried,28049.45,11284.21,240,600,1,0.6275,16283.0,Home,Yes,Rejected
APP-10716,34,Male,Not Graduate,Salaried,36156.13,12608.1,180,590,1,0.2131,28018.71,Home,No,Rejected
APP-10717,24,Female,Graduate,Salaried,62509.67,21049.94,360,608,1,0.2822,24617.04,Home,No,Approved
APP-10718,42,Male,Graduate,Salaried,49143.55,24691.9,48,685,3,0.5016,0.0,Education,No,Rejected
APP-10719,62,Female,,Salaried,72643.67,8854.53,180,686,1,0.516,11551.88,Business,No,Approved
APP-10720,21,Male,Graduate,Salaried,55404.69,11440.04,12,850,2,0.596,0.0,Education,No,Approved
APP-10721,53,Male,Graduate,Self-Employed,92744.0,18485.78,24,506,1,0.4416,23037.63,Business,Yes,Rejected
APP-10722,23,Female,Graduate,Self-Employed,36124.23,28611.38,180,626,1,0.3351,34084.87,Home,No,Approved
APP-10723,48,Female,Graduate,Self-Employed,40363.67,5000.0,24,637,0,0.277,0.0,Education,No,Approved
APP-10724,36,Male,Not Graduate,Self-Employed,20000.0,5000.0,120,718,3,0.3015,0.0,Vehicle,No,Approved
APP-10725,61,Male,Graduate,Salaried,46792.2,36587.86,360,722,2,0.5602,84736.23,Home,Yes,Rejected
APP-10726,56,Female,Graduate,Self-Employed,65502.71,35357.03,60,664,0,0.638,0.0,Vehicle,No,Approved
APP-10727,44,Male,Graduate,Salaried,56535.83,23488.77,180,800,0,0.0811,42640.63,Business,No,Approved
APP-10728,27,Male,Graduate,Salaried,35881.96,5566.46,12,590,2,0.3981,7764.18,Business,No,Approved
APP-10729,43,Female,Graduate,Self-Employed,74776.79,42530.26,240,624,0,0.362,67253.73,Business,No,Approved
APP-10730,36,Male,Graduate,Self-Employed,47244.17,9281.69,360,574,0,0.2757,14892.59,Business,Yes,Approved
APP-10731,56,Female,Graduate,Self-Employed,71913.07,40978.25,60,668,3,0.5609,70986.19,Home,No,Approved
APP-10732,20,Male,Graduate,Salaried,62509.56,49096.48,120,653,2,0.3954,0.0,Vehicle,Yes,Rejected
APP-10733,62,Male,Not Graduate,Self-Employed,99932.92,47206.4,240,742,1,0.2379,79719.98,Business,No,Approved
APP-10734,30,Female,Graduate,Self-Employed,58086.1,14513.35,48,677,3,0.3165,29601.6,Home,No,Approved
APP-10735,44,Female,Graduate,Salaried,66501.0,35757.46,24,799,0,0.2641,0.0,Vehicle,No,Approved
APP-10736,45,Male,Not Graduate,Salaried,47176.04,21656.2,240,582,0,0.3081,0.0,Home,Yes,Rejected
APP-10737,37,Female,Not Graduate,Salaried,38122.31,18039.41,24,684,1,0.0928,28427.89,Home,No,Rejected
APP-10738,45,Male,Graduate,Self-Employed,62652.95,27233.66,60,677,2,0.1171,0.0,Education,No,Approved
APP-10739,44,Male,Graduate,Salaried,103918.83,59401.92,120,733,3,0.4242,0.0,Personal,No,Approved
APP-10740,58,Female,Graduate,Salaried,36028.0,18027.18,60,850,4,0.4604,33629.39,Home,No,Rejected
APP-10741,56,Male,Not Graduate,Salaried,49143.55,34246.64,120,662,1,0.432,0.0,Vehicle,No,Approved
APP-10742,18,Male,Not Graduate,Salaried,49143.55,33687.13,120,686,0,0.5078,39343.62,Business,No,Approved
APP-10743,20,Female,Graduate,Self-Employed,69040.47,19696.48,36,850,0,0.6161,47026.15,Home,No,Rejected
APP-10744,30,Male,Graduate,Salaried,58263.38,35425.86,36,713,0,0.5664,0.0,Personal,No,Approved
APP-10745,45,Male,Graduate,Self-Employed,77383.71,19346.72,360,632,1,0.3011,0.0,Personal,No,Rejected
APP-10746,66,Male,Graduate,Self-Employed,131525.33,85181.39,36,602,0,0.1805,0.0,Personal,Yes,Approved
APP-10747,42,Female,Graduate,Self-Employed,35615.97,7240.38,36,696,0,0.2371,0.0,Education,No,Approved
APP-10748,50,Female,Graduate,Salaried,66494.0,28691.27,24,765,2,0.4026,0.0,Personal,No,Approved
APP-10749,55,Male,Not Graduate,Salaried,57544.85,37601.21,180,764,2,0.5637,0.0,Personal,No,Approved
APP-10750,70,Female,Graduate,Salaried,49489.71,14652.86,48,610,1,0.471,0.0,Personal,No,Rejected
APP-10751,23,Male,Graduate,Salaried,66372.8,45530.64,12,688,1,0.3758,0.0,Personal,No,Approved
APP-10752,61,Male,Graduate,Salaried,42898.77,23633.17,120,643,2,0.4111,0.0,Education,No,Rejected
APP-10753,62,Male,Graduate,Self-Employed,57614.11,21793.44,60,668,2,0.367,29402.41,Home,Yes,Rejected
APP-10754,49,Male,Graduate,Salaried,25523.47,10117.29,24,752,0,0.633,17524.57,Home,No,Rejected
APP-10755,62,Female,Graduate,Salaried,37443.65,28015.12,120,676,1,0.5397,67982.5,Business,No,Rejected
APP-10756,64,Female,Graduate,Salaried,82764.99,20894.33,12,732,0,0.5188,0.0,Personal,No,Rejected
APP-10757,38,Female,Not Graduate,Salaried,81189.52,47524.6,36,734,0,0.3604,0.0,Home,No,Approved
APP-10758,33,Female,Graduate,Self-Employed,55810.46,33213.14,48,631,0,0.2491,0.0,Vehicle,No,Rejected
APP-10759,38,Male,Graduate,Salaried,39084.26,29145.71,36,778,0,0.0617,0.0,Education,Yes,Approved
APP-10760,28,Male,Graduate,Salaried,74060.0,44377.95,120,592,1,0.0761,64182.34,Home,No,Approved
APP-10761,54,Male,Not Graduate,Self-Employed,90966.24,46313.39,48,578,1,0.0681,52381.85,Home,No,Rejected
APP-10762,53,Female,Not Graduate,Salaried,39887.43,29188.26,12,641,3,0.6383,52132.27,Business,No,Approved
APP-10763,44,Female,Graduate,Salaried,23682.46,16113.37,60,601,1,0.1187,0.0,Education,No,Approved
APP-10764,36,Male,Graduate,Salaried,49143.55,36924.98,60,728,1,0.1353,0.0,Education,No,Approved
APP-10765,37,Female,Graduate,Salaried,77411.0,9506.45,360,850,2,0.3405,13437.4,Business,No,Approved
APP-10766,35,Female,Graduate,Salaried,65758.34,23769.29,240,770,2,0.3388,0.0,Personal,Yes,Approved
APP-10767,64,Male,Graduate,Salaried,107209.44,58142.12,240,614,1,0.602,111332.77,Home,No,Approved
APP-10768,58,Female,Not Graduate,Self-Employed,107435.97,50019.54,60,600,3,0.0941,0.0,Personal,No,Approved
APP-10769,66,Female,Not Graduate,Salaried,42078.89,13613.48,240,758,2,0.6243,24718.1,Home,No,Approved
APP-10770,31,Female,Not Graduate,Self-Employed,54149.13,10889.21,180,585,1,0.1798,21811.53,Home,No,Rejected
APP-10771,32,Female,Not Graduate,Self-Employed,38243.64,18628.39,12,601,3,0.6321,0.0,Personal,Yes,Rejected
APP-10772,48,Male,Not Graduate,Salaried,29406.0,8826.11,180,709,0,0.3748,0.0,Personal,No,Approved
APP-10773,18,Male,Not Graduate,Salaried,30281.14,7966.98,240,636,2,0.4412,16193.79,Home,No,Rejected
APP-10774,70,Male,Graduate,Salaried,70158.39,26609.03,36,689,2,0.2394,59837.01,Home,No,Approved
APP-10775,20,Male,Graduate,Self-Employed,57036.33,37064.72,360,653,1,0.4171,76468.13,Home,Yes,Rejected
APP-10776,33,Female,Graduate,Salaried,49143.55,33772.34,240,677,2,0.4765,0.0,Education,No,Approved
APP-10777,40,Male,Not Graduate,Self-Employed,173826.11,43725.01,24,749,0,0.0562,0.0,Home,No,Approved
APP-10778,28,Female,Not Graduate,Salaried,62939.79,11444.48,120,729,1,0.07,19898.47,Business,No,Approved
APP-10779,44,Female,,Self-Employed,33058.69,14852.97,48,753,1,0.6419,17383.35,Business,No,Rejected
APP-10780,27,Male,Not Graduate,Salaried,82253.68,53963.06,36,731,0,0.3245,89127.42,Home,No,Rejected
APP-10781,49,Male,Graduate,Salaried,32752.8,18242.41,120,736,0,0.6115,41516.61,Home,Yes,Approved
APP-10782,33,Male,Graduate,Salaried,117497.04,30843.47,360,677,1,0.4879,0.0,Education,No,Approved
APP-10783,25,Female,Graduate,Salaried,49143.55,8113.89,24,563,0,0.2738,0.0,Home,No,Rejected
APP-10784,55,Female,Graduate,Salaried,37299.0,26059.46,60,671,3,0.1405,0.0,Personal,No,Approved
APP-10785,29,Male,Graduate,Self-Employed,66907.69,15011.35,120,705,1,0.6369,19309.02,Home,No,Approved
APP-10786,41,Male,Graduate,Self-Employed,88323.41,41728.96,48,685,1,0.4007,0.0,Education,No,Rejected
APP-10787,45,Male,Graduate,Self-Employed,34944.22,12208.18,180,713,1,0.1654,26007.28,Home,No,Approved
APP-10788,70,Male,Graduate,Salaried,31916.26,5965.97,24,844,3,0.459,11036.6,Home,Yes,Approved
APP-10789,44,Female,Graduate,Salaried,52795.62,7123.86,180,639,1,0.1052,16818.95,Home,No,Approved
APP-10790,45,Male,Graduate,Salaried,127324.84,62275.85,24,647,1,0.5708,0.0,Personal,No,Rejected
APP-10791,53,Male,Not Graduate,Salaried,22715.69,5000.0,12,776,4,0.1041,0.0,Education,No,Approved
APP-10792,43,Female,Not Graduate,Salaried,41895.76,7223.34,60,689,0,0.192,15339.96,Home,No,Approved
APP-10793,25,Female,Not Graduate,Salaried,55831.44,19166.65,24,677,2,0.1049,0.0,Education,No,Approved
APP-10794,67,Male,Not Graduate,Salaried,32926.24,5000.0,240,632,3,0.1123,0.0,Education,Yes,Rejected
APP-10795,45,Male,Graduate,Salaried,49143.55,12500.73,240,677,1,0.3643,25310.65,Home,Yes,Approved
APP-10796,45,Male,Graduate,Salaried,43621.45,8342.84,12,583,5,0.4622,19535.84,Business,Yes,Approved
APP-10797,54,Male,Not Graduate,Self-Employed,56746.82,19572.61,48,693,2,0.5231,46416.6,Business,No,Approved
APP-10798,58,Female,Graduate,Salaried,44465.51,29072.07,360,601,0,0.467,0.0,Education,No,Approved
APP-10799,53,Female,Not Graduate,Self-Employed,102005.58,54925.42,60,591,1,0.2681,0.0,Personal,No,Approved
APP-10800,44,Male,Graduate,Self-Employed,65927.0,27147.43,120,732,2,0.3844,44491.47,Business,No,Rejected
APP-10801,34,Female,Not Graduate,Salaried,59372.24,9753.87,36,629,0,0.6066,23399.4,Home,No,Rejected
APP-10802,26,Female,Graduate,Salaried,81946.9,43710.87,60,583,1,0.2825,0.0,Education,No,Approved
APP-10803,50,Female,Graduate,Salaried,59898.18,12853.96,12,575,1,0.2014,15123.68,Home,Yes,Approved
APP-10804,70,Female,Graduate,Self-Employed,39277.48,6033.43,240,752,2,0.3616,13078.02,Business,Yes,Approved
APP-10805,37,Male,Graduate,Salaried,42977.15,24273.37,120,671,2,0.2284,38136.94,Business,No,Approved
APP-10806,30,Male,Graduate,Self-Employed,27869.32,20579.87,24,648,0,0.2071,0.0,Education,No,Approved
APP-10807,44,Male,Graduate,Salaried,133577.76,56425.3,48,693,3,0.5173,0.0,Vehicle,No,Approved
APP-10808,65,Female,Graduate,Self-Employed,78070.0,10047.39,48,686,0,0.5845,0.0,Personal,No,Approved
APP-10809,46,Female,Graduate,Self-Employed,20000.0,14324.17,360,637,2,0.3514,25530.77,Business,No,Approved
APP-10810,30,Male,Graduate,Salaried,95469.7,14022.75,360,653,0,0.5179,0.0,Vehicle,No,Rejected
APP-10811,63,Male,Graduate,Salaried,23554.0,16658.49,60,738,1,0.1623,0.0,Vehicle,No,Approved
APP-10812,52,Female,Graduate,Salaried,63597.82,23802.98,36,745,4,0.3786,54033.95,Home,No,Approved
APP-10813,23,Female,Graduate,Salaried,20000.0,7115.52,12,612,0,0.4317,0.0,Education,No,Approved
APP-10814,35,Female,Not Graduate,Salaried,39574.31,18994.01,120,782,1,0.3444,37833.3,Home,Yes,Approved
APP-10815,44,Female,Graduate,Self-Employed,95843.0,73795.22,240,840,1,0.1201,128439.65,Business,No,Approved
APP-10816,22,Male,Not Graduate,Salaried,98550.0,71854.45,12,656,0,0.4905,0.0,Personal,No,Rejected
APP-10817,64,Female,Graduate,Self-Employed,57147.32,24529.4,12,654,1,0.5534,32612.0,Home,No,Rejected
APP-10818,42,Female,Graduate,Self-Employed,72674.0,42664.9,180,677,1,0.4311,0.0,Home,No,Rejected
APP-10819,19,Male,Not Graduate,Salaried,24178.4,12241.54,180,626,1,0.1515,0.0,Education,No,Rejected
APP-10820,27,Male,Graduate,Self-Employed,64162.01,37561.92,24,705,2,0.095,0.0,Personal,No,Approved
APP-10821,47,Female,Graduate,Salaried,75018.15,51052.04,36,850,0,0.231,123289.18,Business,Yes,Rejected
APP-10822,67,Female,Not Graduate,Self-Employed,177171.4,21995.06,24,738,2,0.0722,0.0,Vehicle,No,Approved
APP-10823,62,Female,Graduate,Salaried,35896.33,11775.14,120,653,1,0.5535,0.0,Vehicle,No,Rejected
APP-10824,22,Male,Graduate,Salaried,49422.02,38130.59,240,646,0,0.4718,0.0,Personal,No,Rejected
APP-10825,44,Male,Not Graduate,Salaried,50973.32,38970.91,240,626,1,0.3882,0.0,Education,No,Approved
APP-10826,18,Female,Graduate,Salaried,69514.59,7497.47,12,764,2,0.5838,9309.05,Business,No,Approved
APP-10827,35,Female,Graduate,Salaried,76134.39,18349.0,360,660,2,0.1161,34676.04,Home,No,Approved
APP-10828,49,Male,Not Graduate,Salaried,83321.14,66293.55,240,716,2,0.4787,0.0,Vehicle,No,Approved
APP-10829,64,Male,Not Graduate,Salaried,80336.64,35748.0,360,661,0,0.138,0.0,Personal,No,Approved
APP-10830,66,Male,Graduate,Self-Employed,23375.43,11711.24,360,677,1,0.0866,0.0,Vehicle,No,Approved
APP-10831,28,Female,Graduate,Salaried,20000.0,5000.0,120,637,1,0.1297,8343.96,Business,No,Approved
APP-10832,38,Male,Not Graduate,Salaried,37904.0,27519.63,36,623,1,0.6206,0.0,Education,Yes,Rejected
APP-10833,43,Male,Graduate,Self-Employed,48160.36,12612.48,12,641,2,0.3143,0.0,Education,No,Approved
APP-10834,42,Female,Graduate,Self-Employed,36075.39,8396.67,240,713,1,0.0794,0.0,Education,No,Approved
APP-10835,39,Female,Not Graduate,Self-Employed,38954.55,10115.94,36,794,1,0.4002,0.0,Education,No,Approved
APP-10836,44,Male,Graduate,Salaried,41434.75,30816.48,180,714,2,0.1698,0.0,Personal,No,Approved
APP-10837,66,Male,Graduate,Salaried,65429.0,38733.48,120,736,1,0.0541,0.0,Personal,Yes,Approved
APP-10838,30,Male,Graduate,Salaried,29235.94,18653.04,36,725,1,0.505,0.0,Personal,No,Approved
APP-10839,50,Female,Graduate,Salaried,47149.85,17159.03,120,677,5,0.1429,0.0,Education,Yes,Rejected
APP-10840,51,Male,Graduate,Self-Employed,47330.64,34855.41,36,678,2,0.6155,67156.46,Business,No,Rejected
APP-10841,58,Female,Graduate,Salaried,64689.21,42215.24,360,654,2,0.4057,60238.7,Business,Yes,Rejected
APP-10842,44,Male,Graduate,Self-Employed,87636.46,54809.43,12,668,1,0.1022,0.0,Vehicle,No,Rejected
APP-10843,18,Female,Graduate,Salaried,113783.6,88712.32,240,614,2,0.1807,144620.63,Home,No,Approved
APP-10844,38,Male,,Self-Employed,33759.0,12029.64,60,749,2,0.4165,0.0,Personal,Yes,Rejected
APP-10845,65,Female,Graduate,Salaried,20000.0,10553.63,48,683,1,0.2529,25977.88,Home,No,Approved
APP-10846,23,Male,Graduate,Self-Employed,43435.65,32009.94,12,683,0,0.3693,77180.79,Business,Yes,Rejected
APP-10847,45,Female,Graduate,Self-Employed,22152.0,14479.16,360,677,1,0.5297,0.0,Personal,Yes,Rejected
APP-10848,34,Male,Not Graduate,Self-Employed,192391.66,95111.76,360,629,2,0.5256,0.0,Personal,No,Rejected
APP-10849,22,Male,Graduate,Salaried,31683.77,5000.0,60,537,2,0.4688,0.0,Vehicle,No,Approved
APP-10850,48,Male,Graduate,Salaried,64985.33,36190.75,360,701,3,0.5816,83605.5,Home,No,Approved
APP-10851,22,Male,Not Graduate,Self-Employed,78200.64,36643.95,360,689,1,0.1696,0.0,Education,Yes,Rejected
APP-10852,55,Male,Graduate,Salaried,58122.68,13305.81,180,722,0,0.156,29149.96,Home,No,Approved
APP-10853,20,Female,Not Graduate,Salaried,138463.24,99358.06,240,685,1,0.5296,0.0,Personal,No,Approved
APP-10854,70,Male,,Salaried,44300.86,15074.43,12,593,2,0.2425,19885.94,Home,No,Approved
APP-10855,40,Female,Graduate,Salaried,32291.49,11987.76,48,616,0,0.3573,0.0,Personal,Yes,Approved
APP-10856,54,Male,Graduate,Salaried,31466.78,17957.5,48,787,1,0.4964,0.0,Personal,No,Approved
APP-10857,70,Female,Graduate,Salaried,71325.0,31537.02,360,705,5,0.2876,0.0,Personal,No,Rejected
APP-10858,54,Male,Graduate,Salaried,44583.0,7244.54,36,744,2,0.128,12704.77,Home,No,Approved
APP-10859,27,Male,Not Graduate,Salaried,31469.0,11681.55,12,753,0,0.4577,24753.95,Home,No,Approved
APP-10860,27,Female,Graduate,Salaried,61124.0,10154.23,60,601,3,0.5403,0.0,Vehicle,No,Approved
APP-10861,36,Female,Not Graduate,Salaried,69886.28,16320.21,180,652,1,0.0577,0.0,Personal,No,Approved
APP-10862,34,Female,Not Graduate,Salaried,56142.74,5896.23,48,734,2,0.3875,0.0,Personal,No,Approved
APP-10863,38,Female,Graduate,Self-Employed,76864.0,17442.01,360,614,0,0.3316,25578.26,Home,No,Approved
APP-10864,31,Male,Graduate,Self-Employed,51228.4,16972.64,120,647,1,0.2058,0.0,Vehicle,Yes,Rejected
APP-10865,26,Female,Graduate,Self-Employed,36431.0,17368.79,120,638,2,0.1466,19909.91,Business,No,Rejected
APP-10866,63,Male,Graduate,Self-Employed,73548.48,54682.86,36,620,0,0.1628,0.0,Home,No,Approved
APP-10867,18,Female,Graduate,Salaried,49143.55,15022.28,60,669,0,0.485,25317.63,Business,No,Rejected
APP-10868,68,Female,Not Graduate,Self-Employed,27877.0,16556.78,120,641,1,0.3717,28067.02,Business,No,Approved
APP-10869,62,Female,Not Graduate,Salaried,87375.9,30614.24,48,648,0,0.6387,36465.86,Home,No,Rejected
APP-10870,30,Female,Graduate,Salaried,41195.16,25794.0,36,701,2,0.1959,39951.34,Home,Yes,Rejected
APP-10871,21,Male,Graduate,Salaried,112740.27,60240.3,60,759,4,0.6241,143626.13,Business,No,Rejected
APP-10872,18,Female,Not Graduate,Salaried,49143.55,31735.96,180,741,2,0.3591,0.0,Education,No,Rejected
APP-10873,66,Male,Graduate,Salaried,39659.3,9345.24,120,694,0,0.1376,0.0,Education,No,Approved
APP-10874,57,Female,Graduate,Salaried,62511.81,19533.61,24,811,1,0.1389,37051.82,Home,No,Approved
APP-10875,44,Male,Graduate,Self-Employed,173544.64,92787.77,12,732,3,0.4151,0.0,Personal,No,Approved
APP-10876,51,Female,Graduate,Salaried,71477.4,28465.12,60,677,0,0.5489,0.0,Personal,No,Rejected
APP-10877,45,Female,Not Graduate,Salaried,65568.42,47377.81,60,666,1,0.4986,0.0,Home,No,Rejected
APP-10878,48,Female,Graduate,Salaried,36411.0,9626.77,120,649,3,0.4434,17164.87,Home,No,Approved
APP-10879,44,Male,Not Graduate,Salaried,123287.88,18635.07,36,710,0,0.1533,0.0,Education,No,Approved
APP-10880,56,Female,Not Graduate,Salaried,94747.32,48562.17,12,752,0,0.115,0.0,Personal,No,Rejected
APP-10881,43,Male,Graduate,Self-Employed,36579.0,26345.22,48,693,2,0.0501,53084.84,Home,No,Approved
APP-10882,51,Female,Graduate,Salaried,125518.25,44598.81,48,629,0,0.1111,58950.76,Business,No,Approved
APP-10883,20,Male,Not Graduate,Salaried,53229.9,29457.32,24,677,1,0.5098,38294.99,Home,No,Approved
APP-10884,67,Male,Not Graduate,Salaried,32202.82,8436.78,240,677,1,0.5871,0.0,Education,Yes,Rejected
APP-10885,29,Female,Graduate,Salaried,36342.41,17841.59,120,683,3,0.1942,0.0,Personal,No,Approved
APP-10886,44,Female,Not Graduate,Self-Employed,76027.52,49475.25,36,745,1,0.5269,0.0,Personal,No,Approved
APP-10887,61,Male,Graduate,Salaried,32313.81,22843.35,12,495,2,0.1693,0.0,Personal,No,Approved
APP-10888,22,Male,Not Graduate,Self-Employed,28238.51,5000.0,36,631,1,0.1996,0.0,Personal,No,Approved
APP-10889,47,Male,Not Graduate,Self-Employed,39362.26,13755.62,240,618,0,0.1845,0.0,Vehicle,No,Rejected
APP-10890,47,Male,Graduate,Self-Employed,42414.41,23232.54,48,710,0,0.081,0.0,Education,No,Approved
APP-10891,34,Male,Not Graduate,Self-Employed,35008.36,5000.0,36,626,0,0.1664,9402.41,Home,No,Approved
APP-10892,65,Male,Graduate,Salaried,39067.0,22792.75,48,581,1,0.2741,26554.76,Home,No,Approved
APP-10893,64,Male,Graduate,Salaried,77534.0,36411.58,48,631,1,0.2933,60113.45,Home,No,Rejected
APP-10894,40,Female,Graduate,Salaried,55729.0,16829.88,24,618,0,0.2357,0.0,Personal,No,Rejected
APP-10895,32,Male,Not Graduate,Self-Employed,37880.04,25389.4,48,681,1,0.3588,42111.25,Business,No,Approved
APP-10896,54,Female,Graduate,Self-Employed,39580.0,11994.11,360,662,1,0.2768,0.0,Vehicle,No,Rejected
APP-10897,38,Female,Graduate,Self-Employed,45897.77,36442.39,48,715,1,0.6322,0.0,Personal,No,Approved
APP-10898,31,Female,Graduate,Self-Employed,47230.39,31713.28,12,679,3,0.5344,0.0,Education,No,Approved
APP-10899,19,Male,Graduate,Salaried,47330.34,28189.3,12,761,1,0.6086,0.0,Vehicle,No,Approved
APP-10900,28,Female,Graduate,Salaried,76124.38,10881.47,12,644,1,0.3845,0.0,Personal,No,Approved
APP-10901,68,Female,Not Graduate,Salaried,49143.55,39653.45,60,729,2,0.457,0.0,Vehicle,Yes,Rejected
APP-10902,56,Female,Graduate,Self-Employed,54897.82,35850.4,120,705,1,0.15,0.0,Vehicle,No,Approved
APP-10903,55,Female,Graduate,Salaried,100046.73,26043.92,120,656,2,0.5017,0.0,Home,No,Approved
APP-10904,51,Female,Graduate,Self-Employed,125282.0,46927.5,120,735,1,0.1916,0.0,Personal,No,Approved
APP-10905,55,Female,Graduate,Self-Employed,26489.78,7630.17,360,615,0,0.1375,0.0,Education,No,Rejected
APP-10906,67,Female,Graduate,Self-Employed,22259.98,17565.15,12,779,1,0.0751,0.0,Personal,No,Approved
APP-10907,51,Male,Graduate,Self-Employed,41163.08,28729.26,120,617,0,0.3333,0.0,Vehicle,No,Approved
APP-10908,35,Male,Graduate,Salaried,72516.13,54471.05,240,572,1,0.2221,74890.41,Home,No,Approved
APP-10909,47,Female,Graduate,Salaried,59159.54,38580.42,240,566,1,0.642,0.0,Personal,No,Approved
APP-10910,32,Female,Not Graduate,Self-Employed,83038.0,34829.64,36,677,0,0.1999,0.0,Personal,Yes,Approved
APP-10911,44,Female,Graduate,Salaried,40288.37,9822.46,60,634,1,0.5699,14944.06,Business,No,Rejected
APP-10912,68,Female,Graduate,Self-Employed,20000.0,5000.0,48,694,1,0.2399,0.0,Home,No,Approved
APP-10913,51,Male,Graduate,Salaried,24750.7,5103.05,12,591,2,0.4995,0.0,Personal,Yes,Rejected
APP-10914,69,Male,Graduate,Salaried,65014.59,31379.6,360,718,1,0.4459,49012.66,Home,No,Approved
APP-10915,55,Female,Graduate,Self-Employed,83356.08,62014.97,60,694,4,0.3871,0.0,Personal,No,Approved
APP-10916,50,Female,Graduate,Salaried,49143.55,15885.17,24,643,0,0.3,17735.19,Business,No,Approved
APP-10917,41,Female,Graduate,Self-Employed,99243.0,29883.11,24,677,2,0.4527,0.0,Personal,No,Approved
APP-10918,32,Male,Graduate,Salaried,61840.65,36369.73,180,726,3,0.2944,81040.78,Business,No,Rejected
APP-10919,47,Female,Graduate,Salaried,47324.76,24512.74,48,687,0,0.3789,59821.5,Business,No,Approved
APP-10920,59,Male,Graduate,Salaried,35831.71,15846.76,12,750,0,0.4039,0.0,Personal,No,Approved
APP-10921,68,Male,Graduate,Salaried,108616.71,61481.19,60,768,3,0.2104,92527.54,Business,No,Rejected
APP-10922,44,Female,Not Graduate,Salaried,76764.93,27631.85,24,616,2,0.2538,34727.15,Business,Yes,Rejected
APP-10923,22,Female,Graduate,Salaried,62656.0,47689.8,180,677,1,0.0608,116123.38,Business,No,Approved
APP-10924,44,Male,Graduate,Salaried,34006.22,20193.38,360,608,1,0.5613,43148.64,Business,No,Rejected
APP-10925,21,Female,Graduate,Salaried,109874.12,68994.44,12,741,0,0.5036,0.0,Education,No,Rejected
APP-10926,27,Female,Graduate,Salaried,49770.39,13422.85,24,755,1,0.16,0.0,Personal,No,Approved
APP-10927,34,Female,Graduate,Self-Employed,56926.07,12410.3,120,666,0,0.2672,0.0,Education,No,Approved
APP-10928,27,Female,Graduate,Salaried,50844.63,19119.54,240,675,2,0.3026,30691.19,Home,No,Approved
APP-10929,34,Male,Graduate,Salaried,33430.53,21284.24,180,656,3,0.2506,0.0,Education,No,Approved
APP-10930,37,Male,Graduate,Self-Employed,49143.55,43550.48,360,614,0,0.5289,77419.13,Business,No,Approved
APP-10931,41,Female,Graduate,Salaried,69457.43,27722.61,24,628,0,0.4853,66599.01,Business,No,Rejected
APP-10932,22,Female,Graduate,Self-Employed,39308.51,25232.52,360,719,1,0.5103,0.0,Personal,No,Approved
APP-10933,51,Female,Graduate,Self-Employed,55107.35,23656.78,48,748,1,0.5925,48281.91,Home,Yes,Rejected
APP-10934,23,Male,Not Graduate,Self-Employed,50475.82,15478.9,36,678,2,0.4071,0.0,Vehicle,Yes,Approved
APP-10935,70,Female,Graduate,Salaried,77463.77,47832.76,180,599,3,0.4187,0.0,Vehicle,No,Approved
APP-10936,19,Male,Graduate,Self-Employed,42214.94,27808.73,60,588,1,0.4832,0.0,Education,No,Rejected
APP-10937,30,Female,Not Graduate,Self-Employed,54901.0,13285.4,60,671,1,0.4587,30183.89,Home,No,Approved
APP-10938,60,Male,Not Graduate,Salaried,60997.0,19129.89,24,677,1,0.5719,0.0,Education,No,Rejected
APP-10939,60,Male,Graduate,Salaried,41740.05,18630.41,120,774,0,0.5121,0.0,Personal,No,Approved
APP-10940,65,Female,Graduate,Salaried,49143.55,7480.85,120,623,3,0.1223,18442.17,Business,No,Approved
APP-10941,28,Male,Graduate,Self-Employed,35196.32,26403.72,48,727,2,0.607,41423.72,Home,No,Rejected
APP-10942,68,Female,Graduate,Salaried,60149.9,30913.06,60,630,3,0.4599,0.0,Education,No,Rejected
APP-10943,64,Female,Graduate,Self-Employed,43579.49,8055.33,180,657,1,0.1263,0.0,Personal,No,Approved
APP-10944,40,Female,Graduate,Salaried,43291.23,9905.94,240,693,2,0.5132,14328.26,Business,No,Approved
APP-10945,33,Male,Not Graduate,Self-Employed,66308.53,50928.18,120,677,5,0.265,61561.39,Home,Yes,Rejected
APP-10946,48,Male,Not Graduate,Salaried,81613.16,50332.31,60,713,2,0.5336,0.0,Personal,No,Rejected
APP-10947,28,Male,Not Graduate,Salaried,88952.51,54624.27,36,635,1,0.6232,0.0,Education,No,Rejected
APP-10948,33,Female,Graduate,Salaried,49143.55,5440.41,180,688,0,0.2031,0.0,Vehicle,No,Approved
APP-10949,25,Male,Not Graduate,Salaried,77759.25,56508.36,240,650,2,0.5644,129921.34,Home,No,Approved
APP-10950,21,Male,Not Graduate,Salaried,139036.47,57090.43,36,565,0,0.5141,86192.38,Home,Yes,Rejected
APP-10951,57,Male,Not Graduate,Salaried,52210.3,29331.86,60,698,4,0.453,34302.38,Business,No,Approved
APP-10952,44,Female,Graduate,Salaried,47256.47,36471.71,24,781,1,0.281,84299.93,Home,No,Approved
APP-10953,42,Female,Graduate,Self-Employed,42579.13,7238.82,48,803,0,0.1159,13130.3,Home,Yes,Approved
APP-10954,20,Female,Graduate,Self-Employed,28800.0,12602.58,48,705,0,0.3403,0.0,Personal,Yes,Approved
APP-10955,49,Female,Graduate,Salaried,49143.55,10063.16,240,700,2,0.113,22879.99,Home,Yes,Approved
APP-10956,20,Female,Graduate,Salaried,47361.71,21297.7,36,470,1,0.3501,0.0,Vehicle,Yes,Rejected
APP-10957,44,Female,Not Graduate,Salaried,45485.33,12580.4,60,850,0,0.5422,0.0,Education,No,Approved
APP-10958,46,Male,Graduate,Self-Employed,69125.0,50996.68,60,794,1,0.6486,0.0,Personal,No,Rejected
APP-10959,49,Male,Graduate,Salaried,72384.07,27429.56,24,740,4,0.1688,0.0,Home,Yes,Rejected
APP-10960,67,Female,Graduate,Salaried,36300.19,19736.8,360,685,2,0.1747,0.0,Education,No,Approved
APP-10961,68,Female,Graduate,Salaried,36736.2,25796.2,48,501,0,0.5365,48400.76,Business,Yes,Rejected
APP-10962,36,Male,Graduate,Self-Employed,35929.8,28333.68,360,694,1,0.3314,0.0,Vehicle,Yes,Approved
APP-10963,38,Male,Not Graduate,Salaried,141034.12,63842.42,360,682,2,0.5995,98267.63,Home,No,Rejected
APP-10964,22,Female,Not Graduate,Salaried,102597.93,42991.65,24,567,1,0.511,0.0,Vehicle,No,Rejected
APP-10965,35,Male,Not Graduate,Salaried,69809.14,10682.04,360,715,2,0.4919,0.0,Personal,No,Rejected
APP-10966,45,Male,Graduate,Salaried,40631.32,5000.0,360,778,2,0.1112,6408.47,Home,Yes,Approved
APP-10967,59,Female,Graduate,Salaried,43111.09,22683.39,24,707,2,0.0715,0.0,Personal,No,Approved
APP-10968,39,Male,Graduate,Salaried,58789.51,8572.98,120,706,1,0.2401,14677.17,Business,No,Approved
APP-10969,38,Female,Not Graduate,Salaried,147940.45,54185.45,360,712,1,0.1804,61618.0,Business,No,Approved
APP-10970,44,Male,Graduate,Salaried,56638.18,5806.8,48,654,0,0.4774,0.0,Education,No,Rejected
APP-10971,18,Female,Graduate,Salaried,63222.0,33549.51,24,740,1,0.3204,65201.57,Business,Yes,Rejected
APP-10972,22,Female,Not Graduate,Salaried,20000.0,7955.81,180,801,0,0.3639,0.0,Education,Yes,Rejected
APP-10973,58,Male,Not Graduate,Salaried,49143.55,10533.64,360,683,0,0.5382,17893.82,Home,Yes,Rejected
APP-10974,44,Female,Not Graduate,Self-Employed,24417.84,7507.44,120,619,0,0.3371,0.0,Education,Yes,Approved
APP-10975,43,Female,Graduate,Salaried,38426.5,19165.7,48,569,0,0.377,24879.63,Home,Yes,Approved
APP-10976,63,Male,Graduate,Salaried,50183.57,28087.71,12,720,3,0.5554,0.0,Education,No,Rejected
APP-10977,51,Male,Graduate,Salaried,42148.28,17855.49,48,729,1,0.3088,0.0,Vehicle,No,Rejected
APP-10978,66,Female,Not Graduate,Salaried,35668.39,23639.99,36,709,1,0.0999,52510.92,Home,No,Approved
APP-10979,31,Male,Graduate,Salaried,49143.55,6402.71,180,661,1,0.363,15780.89,Business,Yes,Rejected
APP-10980,43,Male,Not Graduate,Salaried,44111.5,7021.76,60,702,1,0.3976,12908.11,Home,Yes,Rejected
APP-10981,62,Male,Graduate,Salaried,43158.98,5652.57,36,637,4,0.3571,0.0,Vehicle,No,Approved
APP-10982,44,Male,Graduate,Salaried,49520.22,23526.04,24,623,3,0.2048,30145.59,Business,Yes,Rejected
APP-10983,26,Female,Graduate,Self-Employed,47703.54,28353.18,24,600,0,0.1842,0.0,Personal,No,Rejected
APP-10984,43,Female,Graduate,Salaried,92914.78,17780.63,60,601,3,0.2719,39739.51,Home,No,Approved
APP-10985,64,Male,Graduate,Salaried,20000.0,10945.24,240,722,2,0.1497,0.0,Vehicle,No,Rejected
APP-10986,44,Female,,Salaried,49143.55,24039.68,240,658,2,0.4496,0.0,Education,No,Rejected
APP-10987,64,Male,Graduate,Salaried,50792.54,40184.07,60,625,3,0.4188,83345.94,Home,No,Approved
APP-10988,47,Female,Graduate,Self-Employed,45839.66,27606.09,24,571,0,0.4294,0.0,Vehicle,No,Rejected
APP-10989,60,Male,Graduate,Salaried,34444.16,19296.7,48,733,0,0.1849,0.0,Vehicle,No,Approved
APP-10990,65,Male,Not Graduate,Salaried,45485.36,22711.51,180,765,0,0.1979,55315.24,Home,No,Approved
APP-10991,34,Female,Graduate,Salaried,21660.51,17288.47,120,598,0,0.5224,0.0,Personal,No,Rejected
APP-10992,43,Female,Graduate,Salaried,54359.0,42743.37,180,670,1,0.4641,0.0,Vehicle,Yes,Approved
APP-10993,53,Male,Graduate,Self-Employed,59517.73,28370.95,60,605,1,0.5751,0.0,Education,No,Rejected
APP-10994,18,Male,Not Graduate,Salaried,34474.17,14431.86,24,668,1,0.2921,26688.81,Home,No,Approved
APP-10995,25,Male,Not Graduate,Salaried,129358.84,54780.94,240,728,1,0.3784,0.0,Business,No,Approved
APP-10996,66,Female,Graduate,Salaried,46155.8,18454.92,24,809,0,0.4933,29526.87,Home,No,Rejected
APP-10997,52,Female,Graduate,Salaried,50113.03,23652.29,240,644,1,0.6345,57900.24,Home,No,Approved
APP-10998,69,Female,Graduate,Salaried,95596.44,27867.22,180,735,2,0.644,0.0,Education,No,Approved
APP-10999,32,Female,Graduate,Salaried,143066.06,100000.0,36,737,2,0.6495,185382.24,Home,No,Rejected
APP-11000,64,Female,Graduate,Self-Employed,27954.41,12388.31,48,667,0,0.5843,0.0,Education,No,Rejected
APP-11001,39,Female,Not Graduate,Salaried,36732.56,25323.63,180,677,2,0.4338,28419.9,Business,Yes,Approved
APP-11002,44,Female,Graduate,Salaried,49143.55,20150.41,48,653,1,0.0542,35527.93,Home,No,Approved
APP-11003,43,Male,Graduate,Salaried,33811.75,20381.83,360,714,2,0.4697,22487.87,Home,No,Approved
APP-11004,45,Female,Graduate,Salaried,74836.14,25131.28,180,677,1,0.1932,53599.77,Business,No,Rejected
APP-11005,40,Female,Not Graduate,Salaried,32000.56,17195.97,12,722,1,0.084,32540.33,Business,No,Approved
APP-11006,31,Male,Graduate,Self-Employed,92346.0,41450.59,12,714,3,0.4683,0.0,Vehicle,No,Approved
APP-11007,41,Female,Not Graduate,Self-Employed,66958.19,23902.73,48,774,3,0.5036,0.0,Home,Yes,Rejected
APP-11008,19,Male,Graduate,Salaried,87730.0,62910.4,360,826,1,0.4457,78872.12,Home,Yes,Approved
APP-11009,62,Male,Not Graduate,Salaried,32072.0,5737.68,48,753,1,0.2691,12842.17,Home,No,Approved
APP-11010,43,Female,Graduate,Salaried,49143.55,17839.91,60,733,0,0.3566,0.0,Vehicle,Yes,Approved
APP-11011,31,Male,Graduate,Salaried,76802.52,18129.88,12,648,0,0.611,33558.63,Home,No,Rejected
APP-11012,68,Male,Graduate,Self-Employed,70143.37,49292.45,24,498,0,0.4878,62092.94,Home,No,Rejected
APP-11013,44,Male,Graduate,Salaried,42470.74,11782.6,48,783,0,0.3528,15600.34,Home,No,Approved
APP-11014,20,Female,Not Graduate,Salaried,45603.23,24780.85,48,828,2,0.4061,0.0,Education,No,Approved
APP-11015,64,Male,Graduate,Self-Employed,39451.45,8517.35,120,705,2,0.6066,0.0,Education,No,Approved
APP-11016,40,Female,Not Graduate,Salaried,44993.71,17252.37,120,599,0,0.286,0.0,Personal,Yes,Approved
APP-11017,63,Male,Graduate,Self-Employed,30252.37,22070.62,240,790,2,0.1111,49679.76,Business,Yes,Approved
APP-11018,60,Male,,Self-Employed,27816.68,6015.22,360,768,2,0.246,0.0,Vehicle,No,Approved
APP-11019,64,Female,Not Graduate,Salaried,81041.39,45726.56,12,517,2,0.2991,73056.48,Business,No,Approved
APP-11020,62,Male,Not Graduate,Salaried,44236.16,10756.34,12,691,2,0.2138,24196.76,Home,No,Approved
APP-11021,35,Male,Graduate,Self-Employed,87174.22,34087.24,120,699,1,0.3674,0.0,Vehicle,No,Rejected
APP-11022,55,Male,Graduate,Self-Employed,66038.45,31594.9,48,551,3,0.2329,0.0,Personal,No,Approved
APP-11023,52,Male,Not Graduate,Salaried,57297.1,28884.3,48,593,1,0.1119,41633.91,Home,No,Approved
APP-11024,68,Male,Graduate,Salaried,34368.27,17931.92,12,767,2,0.1628,38919.72,Home,No,Approved
APP-11025,32,Male,Graduate,Salaried,26759.0,14666.16,360,685,1,0.6009,29308.6,Home,No,Approved
APP-11026,42,Male,Graduate,Salaried,39008.92,11321.87,36,604,2,0.4278,17317.42,Home,No,Approved
APP-11027,54,Male,Graduate,Salaried,105446.47,40170.6,60,626,1,0.2386,96828.7,Home,No,Approved
APP-11028,45,Male,Graduate,Salaried,76456.59,9642.94,12,583,2,0.2702,0.0,Vehicle,No,Approved
APP-11029,27,Male,Graduate,Salaried,37227.13,23755.74,240,686,0,0.346,54393.31,Home,No,Approved
APP-11030,56,Female,Graduate,Salaried,39230.9,26911.21,36,740,1,0.4539,0.0,Education,No,Approved
APP-11031,34,Male,Graduate,Self-Employed,30805.71,7376.91,12,774,0,0.3993,0.0,Education,No,Approved
APP-11032,56,Female,Graduate,Self-Employed,22617.0,5450.94,120,626,1,0.6096,0.0,Vehicle,No,Rejected
APP-11033,39,Male,Not Graduate,Salaried,51575.4,6675.17,12,651,2,0.4254,13844.58,Business,No,Approved
APP-11034,43,Female,Not Graduate,Salaried,116138.5,90503.1,36,720,0,0.5965,114899.47,Business,No,Approved
APP-11035,61,Female,Graduate,Salaried,116869.87,77722.04,60,756,1,0.0533,145896.85,Home,No,Approved
APP-11036,42,Female,Graduate,Salaried,66433.18,23417.18,48,709,0,0.5843,0.0,Vehicle,No,Approved
APP-11037,34,Female,Graduate,Self-Employed,36267.01,15860.86,180,781,2,0.4829,38095.73,Business,Yes,Rejected
APP-11038,30,Male,Graduate,Salaried,23748.15,7228.39,120,825,2,0.1533,14214.3,Business,No,Approved
APP-11039,37,Female,Not Graduate,Self-Employed,82746.01,42868.29,36,549,2,0.2078,0.0,Vehicle,Yes,Rejected
APP-11040,42,Female,Graduate,Salaried,61304.49,36912.41,240,801,0,0.376,67931.03,Business,Yes,Rejected
APP-11041,21,Male,Not Graduate,Salaried,41851.63,17291.33,240,783,0,0.125,27888.36,Business,No,Rejected
APP-11042,27,Male,Graduate,Salaried,38497.71,27391.73,24,585,0,0.5212,60379.68,Business,No,Approved
APP-11043,20,Male,Graduate,Salaried,66185.61,30572.33,180,717,0,0.525,72709.65,Business,No,Approved
APP-11044,58,Female,Graduate,Salaried,32425.14,6516.72,12,730,1,0.2306,0.0,Vehicle,No,Approved
APP-11045,62,Male,Not Graduate,Self-Employed,55249.58,29591.89,24,592,0,0.0919,0.0,Education,No,Rejected
APP-11046,35,Male,Not Graduate,Self-Employed,26637.87,11282.78,240,675,1,0.643,24310.37,Home,Yes,Rejected
APP-11047,44,Female,Graduate,Self-Employed,149381.06,100000.0,12,692,5,0.2,0.0,Education,No,Approved
APP-11048,53,Female,Graduate,Self-Employed,34768.82,13014.86,24,593,1,0.0905,0.0,Personal,No,Rejected
APP-11049,64,Male,Not Graduate,Self-Employed,67792.0,25896.95,12,652,1,0.248,35465.52,Home,No,Rejected
APP-11050,39,Male,Not Graduate,Salaried,26929.81,14960.62,60,792,1,0.6314,0.0,Personal,Yes,Approved
APP-11051,51,Female,Not Graduate,Salaried,45178.36,21183.7,180,814,0,0.5258,48035.75,Business,No,Approved
APP-11052,64,Male,Graduate,Salaried,76290.93,27626.08,120,591,0,0.338,31962.66,Business,No,Approved
APP-11053,25,Male,,Salaried,85006.05,67396.37,120,466,1,0.2332,0.0,Education,No,Rejected
APP-11054,44,Female,Graduate,Self-Employed,49143.55,22367.94,120,778,2,0.304,0.0,Vehicle,Yes,Rejected
APP-11055,66,Female,Graduate,Salaried,45746.83,13461.93,240,825,1,0.0604,0.0,Personal,No,Approved
APP-11056,61,Male,Graduate,Salaried,49143.55,24775.44,60,750,1,0.481,53522.53,Home,No,Approved
APP-11057,36,Female,Graduate,Self-Employed,28599.98,5000.0,180,657,1,0.1098,6976.09,Home,No,Approved
APP-11058,59,Female,Graduate,Salaried,103974.33,25045.05,36,593,1,0.3614,0.0,Education,No,Rejected
APP-11059,58,Female,Graduate,Salaried,51621.09,26497.76,360,729,1,0.3895,0.0,Personal,Yes,Rejected
APP-11060,54,Female,Graduate,Self-Employed,56620.12,12100.59,36,764,3,0.051,0.0,Personal,Yes,Approved
APP-11061,23,Male,Not Graduate,Self-Employed,49143.55,69358.36,120,627,1,0.6379,123608.1,Home,No,Rejected
APP-11062,69,Female,Graduate,Salaried,65733.61,27932.64,36,702,1,0.2313,57913.51,Home,Yes,Rejected
APP-11063,43,Male,Graduate,Self-Employed,45995.16,23832.62,12,645,1,0.0963,0.0,Personal,No,Rejected
APP-11064,51,Female,Graduate,Self-Employed,71125.54,15097.21,12,740,2,0.5626,32650.88,Business,No,Approved
APP-11065,62,Male,Not Graduate,Self-Employed,35908.41,10864.62,36,515,1,0.1412,25459.25,Business,No,Approved
APP-11066,23,Female,Graduate,Self-Employed,22571.18,11968.08,48,711,0,0.065,0.0,Personal,No,Approved
APP-11067,54,Male,Graduate,Salaried,99302.01,48130.43,24,650,2,0.3468,71985.27,Home,No,Rejected
APP-11068,50,Male,Graduate,Salaried,37436.38,24298.26,360,677,2,0.128,34358.91,Home,No,Approved
APP-11069,70,Female,Not Graduate,Salaried,42102.19,12144.93,240,704,1,0.6395,0.0,Personal,No,Rejected
APP-11070,39,Male,Graduate,Salaried,44000.59,24529.43,36,736,2,0.0562,61194.67,Home,No,Approved
APP-11071,38,Male,Graduate,Salaried,36275.48,11016.24,180,604,1,0.0807,15318.98,Home,No,Approved
APP-11072,23,Male,Not Graduate,Salaried,85022.14,43423.09,48,662,0,0.55,88221.52,Home,No,Rejected
APP-11073,23,Male,Graduate,Salaried,59114.3,30947.62,60,711,0,0.1939,0.0,Education,No,Approved
APP-11074,65,Female,Graduate,Salaried,42112.78,7802.97,48,651,1,0.597,0.0,Vehicle,No,Approved
APP-11075,21,Female,Graduate,Salaried,25904.33,12538.81,360,660,0,0.2367,0.0,Vehicle,No,Approved
APP-11076,47,Male,Graduate,Self-Employed,57062.3,6183.09,180,701,1,0.0919,0.0,Personal,No,Rejected
APP-11077,28,Female,Graduate,Salaried,20000.0,9016.95,48,542,1,0.0564,21236.53,Home,Yes,Rejected
APP-11078,47,Male,Graduate,Salaried,55070.7,32396.18,240,638,1,0.2195,0.0,Vehicle,No,Approved
APP-11079,48,Male,Graduate,Salaried,95951.0,14486.92,24,743,1,0.3342,0.0,Vehicle,No,Approved
APP-11080,41,Male,Not Graduate,Salaried,50628.97,38331.07,180,648,1,0.0506,76379.04,Home,No,Approved
APP-11081,26,Male,Not Graduate,Self-Employed,89604.75,37735.15,12,850,0,0.3987,0.0,Education,Yes,Approved
APP-11082,20,Female,Graduate,Salaried,26513.55,20067.88,240,687,2,0.2502,0.0,Personal,No,Approved
APP-11083,68,Male,Not Graduate,Salaried,135845.12,23797.2,120,677,0,0.2841,0.0,Education,No,Approved
APP-11084,48,Male,Graduate,Salaried,84850.21,64904.63,60,677,0,0.2068,102894.47,Home,No,Approved
APP-11085,57,Female,,Salaried,62192.08,10973.04,360,595,3,0.3674,14288.99,Home,No,Approved
APP-11086,54,Male,Graduate,Salaried,36345.0,15375.51,360,707,3,0.188,0.0,Personal,No,Approved
APP-11087,53,Male,Graduate,Salaried,33447.72,25306.36,36,634,0,0.1309,56300.37,Home,Yes,Rejected
APP-11088,41,Male,Not Graduate,Salaried,47313.28,12438.46,360,640,2,0.5844,0.0,Vehicle,No,Rejected
APP-11089,44,Male,Graduate,Self-Employed,89445.89,11122.55,360,677,0,0.2843,0.0,Personal,No,Rejected
APP-11090,23,Male,Graduate,Self-Employed,25393.27,16637.1,24,553,1,0.0962,0.0,Personal,No,Approved
APP-11091,19,Male,Graduate,Salaried,49276.63,25481.86,60,641,1,0.1882,0.0,Personal,No,Rejected
APP-11092,44,Male,Graduate,Salaried,70764.32,32533.53,24,632,3,0.236,51037.11,Business,No,Approved
APP-11093,45,Male,Graduate,Salaried,78016.41,9677.18,12,786,2,0.5118,0.0,Home,No,Rejected
APP-11094,28,Female,Not Graduate,Salaried,70658.82,39375.47,180,652,2,0.0634,50777.5,Home,No,Approved
APP-11095,21,Male,Not Graduate,Salaried,24129.81,5311.85,48,604,0,0.3369,0.0,Education,No,Rejected
APP-11096,32,Male,Not Graduate,Self-Employed,86326.24,64903.32,60,698,0,0.295,0.0,Education,No,Approved
APP-11097,23,Male,Graduate,Salaried,50695.72,29403.97,48,608,0,0.631,65261.88,Home,No,Rejected
APP-11098,66,Female,Graduate,Self-Employed,28486.98,16947.58,120,620,1,0.158,29602.24,Home,No,Approved
APP-11099,47,Female,Graduate,Salaried,48431.99,12728.23,24,735,0,0.4267,26925.07,Home,No,Approved
APP-11100,55,Male,Not Graduate,Self-Employed,20000.0,14330.55,240,450,1,0.1713,16094.36,Home,No,Approved
APP-11101,68,Female,Graduate,Salaried,65457.02,31184.56,48,602,0,0.3791,0.0,Personal,No,Rejected
APP-11102,19,Male,Graduate,Self-Employed,45988.44,32190.02,240,625,1,0.383,38766.58,Business,No,Approved
APP-11103,32,Male,Graduate,Salaried,25976.36,7524.4,36,803,2,0.0952,10129.25,Business,No,Approved
APP-11104,28,Male,Graduate,Self-Employed,42402.46,26663.65,60,715,0,0.3239,0.0,Vehicle,Yes,Approved
APP-11105,25,Male,Graduate,Self-Employed,34415.67,17283.44,36,677,0,0.3267,0.0,Vehicle,No,Approved
APP-11106,43,Male,Not Graduate,Self-Employed,49143.55,5000.0,180,671,2,0.2415,6296.87,Business,Yes,Approved
APP-11107,68,Male,Not Graduate,Salaried,20000.0,7674.79,36,677,1,0.2163,0.0,Education,No,Approved
APP-11108,62,Male,Graduate,Self-Employed,21245.88,5000.0,240,699,1,0.1846,0.0,Education,No,Approved
APP-11109,61,Female,Graduate,Salaried,43702.06,15357.84,360,677,3,0.0536,21015.51,Home,No,Approved
APP-11110,22,Male,Not Graduate,Salaried,40099.72,14770.58,24,835,2,0.0511,0.0,Personal,No,Approved
APP-11111,23,Male,Graduate,Self-Employed,79776.89,34499.5,36,644,2,0.4039,0.0,Vehicle,No,Approved
APP-11112,43,Female,Graduate,Salaried,35742.96,18593.61,180,677,0,0.2249,38322.98,Business,No,Approved
APP-11113,21,Female,Graduate,Salaried,37666.0,18821.04,60,683,0,0.1507,0.0,Education,No,Approved
APP-11114,36,Male,Graduate,Salaried,38556.5,5000.0,180,755,0,0.4608,5828.98,Business,No,Rejected
APP-11115,37,Male,Graduate,Self-Employed,44421.78,27785.04,24,624,1,0.3673,32036.48,Business,No,Approved
APP-11116,50,Male,Graduate,Salaried,51315.0,39226.41,48,677,1,0.599,44887.29,Home,No,Approved
APP-11117,37,Female,Graduate,Salaried,40008.06,13765.85,12,677,5,0.5486,28587.66,Home,No,Rejected
APP-11118,66,Male,Graduate,Salaried,65225.82,14729.48,60,758,2,0.486,0.0,Home,No,Approved
APP-11119,29,Male,Graduate,Self-Employed,154834.25,74010.94,240,558,2,0.126,0.0,Education,No,Approved
APP-11120,64,Male,Not Graduate,Salaried,32444.24,19253.68,12,723,1,0.45,31158.99,Home,No,Approved
APP-11121,18,Male,Not Graduate,Self-Employed,59630.06,34301.2,180,814,0,0.4664,0.0,Education,No,Approved
APP-11122,43,Female,Graduate,Salaried,49749.87,26291.65,180,834,0,0.508,0.0,Education,No,Approved
APP-11123,31,Male,Not Graduate,Self-Employed,82744.87,16744.47,180,655,2,0.2079,0.0,Vehicle,No,Approved
APP-11124,55,Male,Graduate,Self-Employed,54257.69,37208.7,12,677,1,0.4342,0.0,Vehicle,No,Rejected
APP-11125,54,Female,Not Graduate,Salaried,34090.51,13565.81,36,674,1,0.421,27753.63,Business,Yes,Rejected
APP-11126,28,Female,,Salaried,27377.4,6982.0,24,752,1,0.2812,0.0,Personal,No,Approved
APP-11127,53,Male,Not Graduate,Self-Employed,66519.13,10668.76,60,669,2,0.4481,0.0,Personal,No,Approved
APP-11128,30,Female,Graduate,Salaried,28512.53,11168.45,24,658,2,0.102,0.0,Personal,Yes,Rejected
APP-11129,60,Female,Not Graduate,Salaried,88598.5,47185.89,60,677,2,0.4361,0.0,Education,No,Rejected
APP-11130,20,Female,Graduate,Self-Employed,64640.49,36571.29,60,683,1,0.4136,0.0,Education,No,Approved
APP-11131,50,Male,Not Graduate,Self-Employed,51192.82,39618.93,48,667,2,0.1764,0.0,Education,No,Approved
APP-11132,23,Female,Not Graduate,Salaried,25434.77,5270.18,180,609,1,0.5409,0.0,Education,No,Approved
APP-11133,44,Male,Graduate,Salaried,68710.79,54284.38,120,677,0,0.5746,0.0,Personal,Yes,Rejected
APP-11134,27,Male,Not Graduate,Salaried,110016.21,61419.09,24,699,1,0.1763,115163.62,Home,No,Rejected
APP-11135,22,Male,Graduate,Salaried,39634.4,16565.61,48,679,1,0.0956,0.0,Personal,No,Approved
APP-11136,40,Male,Graduate,Self-Employed,33828.07,24414.93,180,531,1,0.4121,27107.13,Business,No,Approved
APP-11137,44,Female,Graduate,Salaried,46816.32,27440.72,360,756,2,0.338,62399.36,Home,No,Approved
APP-11138,61,Male,Graduate,Self-Employed,61912.11,21304.08,360,589,0,0.3066,33878.99,Business,No,Rejected
APP-11139,19,Male,Graduate,Salaried,37586.0,27019.16,36,716,1,0.5066,44835.21,Home,Yes,Approved
APP-11140,30,Female,Not Graduate,Salaried,76849.1,43545.07,12,617,0,0.6318,95590.4,Home,No,Approved
APP-11141,57,Male,Graduate,Salaried,127434.65,75082.73,360,594,0,0.3366,0.0,Personal,No,Approved
APP-11142,19,Male,Graduate,Salaried,57821.9,42063.87,240,754,0,0.0537,0.0,Vehicle,No,Approved
APP-11143,37,Male,Graduate,Self-Employed,41668.76,17246.34,180,688,2,0.4078,0.0,Personal,No,Rejected
APP-11144,18,Male,Not Graduate,Salaried,61084.0,34196.71,120,683,1,0.4424,0.0,Personal,Yes,Approved
APP-11145,54,Male,Graduate,Salaried,88314.0,54867.7,180,836,3,0.5468,61128.14,Home,No,Approved
APP-11146,26,Female,Graduate,Self-Employed,53093.95,22180.42,360,834,1,0.1696,0.0,Education,No,Approved
APP-11147,34,Male,Graduate,Self-Employed,62477.0,9897.32,120,660,1,0.3646,23480.14,Home,No,Approved
APP-11148,26,Male,Graduate,Self-Employed,69730.0,44627.62,36,575,1,0.3183,80671.99,Home,No,Rejected
APP-11149,28,Female,Graduate,Self-Employed,31643.15,5000.0,36,677,0,0.4487,7946.69,Home,No,Rejected
APP-11150,32,Male,Not Graduate,Salaried,61670.48,37158.94,48,572,0,0.0884,0.0,Personal,No,Approved
APP-11151,41,Male,Graduate,Salaried,25059.93,18484.52,240,718,0,0.5804,0.0,Personal,Yes,Approved
APP-11152,55,Female,Graduate,Salaried,35269.87,12093.27,360,658,0,0.3567,0.0,Personal,Yes,Approved
APP-11153,52,Male,Not Graduate,Salaried,86927.63,14903.16,240,686,1,0.5762,33482.39,Business,No,Approved
APP-11154,47,Female,Graduate,Self-Employed,75774.54,19929.07,24,778,0,0.2541,0.0,Vehicle,No,Rejected
APP-11155,48,Male,Graduate,Salaried,42826.4,21138.99,48,617,3,0.4421,24031.08,Business,No,Approved
APP-11156,66,Male,Not Graduate,Salaried,115024.07,87402.4,48,631,0,0.624,0.0,Education,No,Approved
APP-11157,22,Female,Graduate,Salaried,25461.05,11676.38,24,740,2,0.616,0.0,Vehicle,No,Rejected
APP-11158,61,Male,Not Graduate,Salaried,44243.16,7915.81,240,823,3,0.6165,0.0,Personal,Yes,Rejected
APP-11159,67,Female,Graduate,Self-Employed,56249.48,30343.68,36,850,2,0.076,41971.6,Home,Yes,Approved
APP-11160,31,Male,Graduate,Salaried,20000.0,12259.83,24,563,0,0.2918,0.0,Education,No,Rejected
APP-11161,44,Female,Graduate,Self-Employed,49143.55,17002.83,180,646,1,0.086,0.0,Education,No,Approved
APP-11162,28,Female,Not Graduate,Salaried,27938.22,16904.3,12,597,2,0.2357,0.0,Education,Yes,Approved
APP-11163,26,Female,Graduate,Salaried,28258.0,9250.99,120,747,1,0.1547,12187.28,Business,No,Approved
APP-11164,51,Male,Graduate,Self-Employed,42782.53,27909.74,36,684,2,0.4221,59530.44,Business,No,Approved
APP-11165,29,Female,Not Graduate,Self-Employed,20000.0,6775.01,36,750,1,0.5184,0.0,Personal,No,Approved
APP-11166,52,Male,Not Graduate,Salaried,32729.11,9140.42,60,648,3,0.358,0.0,Education,Yes,Rejected
APP-11167,52,Female,Graduate,Salaried,20000.0,14308.54,36,735,0,0.527,31222.23,Business,No,Rejected
APP-11168,18,Female,Graduate,Salaried,52150.73,25237.38,48,665,1,0.0577,29226.58,Business,No,Approved
APP-11169,57,Female,Graduate,Self-Employed,51646.29,15473.71,36,691,2,0.5423,0.0,Personal,No,Rejected
APP-11170,39,Male,Graduate,Self-Employed,41181.0,31073.37,180,633,0,0.157,0.0,Education,No,Rejected
APP-11171,46,Male,Graduate,Self-Employed,80678.11,47083.41,36,788,0,0.3266,91876.77,Home,No,Approved
APP-11172,25,Male,Graduate,Salaried,42273.63,10758.23,48,578,1,0.3156,16626.94,Home,No,Approved
APP-11173,28,Male,Graduate,Salaried,48458.34,25695.02,24,670,1,0.5739,34988.6,Home,No,Rejected
APP-11174,58,Female,Not Graduate,Salaried,31163.4,22102.68,24,822,1,0.6296,49586.72,Home,No,Approved
APP-11175,54,Female,Not Graduate,Self-Employed,20000.0,11746.14,360,782,1,0.2031,0.0,Education,No,Approved
APP-11176,31,Female,Graduate,Salaried,45584.82,12368.59,12,612,4,0.0904,0.0,Vehicle,No,Approved
APP-11177,47,Male,Not Graduate,Salaried,42703.06,23665.77,12,616,2,0.4403,0.0,Education,No,Approved
APP-11178,52,Female,Graduate,Salaried,115261.0,61481.54,12,721,0,0.352,0.0,Personal,No,Approved
APP-11179,38,Female,Graduate,Self-Employed,68440.7,46169.45,36,731,1,0.3894,77433.1,Home,Yes,Approved
APP-11180,54,Female,Not Graduate,Self-Employed,39872.39,8959.04,24,775,1,0.0778,17024.7,Home,Yes,Rejected
APP-11181,22,Female,Graduate,Salaried,52618.95,31031.72,36,567,3,0.515,35572.2,Home,Yes,Approved
APP-11182,36,Male,Graduate,Salaried,77150.16,9193.17,60,785,0,0.1894,0.0,Personal,No,Approved
APP-11183,31,Female,Not Graduate,Salaried,63473.48,37279.42,360,607,0,0.251,82323.19,Business,No,Rejected
APP-11184,43,Female,Graduate,Salaried,112922.04,87210.38,24,786,2,0.187,0.0,Education,No,Approved
APP-11185,21,Male,Not Graduate,Salaried,33034.3,7335.99,12,550,4,0.618,11015.98,Home,Yes,Rejected
APP-11186,42,Male,Graduate,Self-Employed,79819.02,25375.25,120,590,3,0.1512,0.0,Vehicle,No,Rejected
APP-11187,62,Female,Graduate,Self-Employed,39678.46,20157.06,36,677,1,0.4894,0.0,Vehicle,No,Approved
APP-11188,59,Female,Graduate,Salaried,54003.72,33086.81,180,822,2,0.1974,0.0,Business,No,Rejected
APP-11189,42,Female,Graduate,Salaried,37092.18,12650.66,120,688,0,0.305,0.0,Vehicle,No,Approved
APP-11190,35,Female,Not Graduate,Salaried,45660.82,25797.51,180,653,2,0.6476,0.0,Home,No,Rejected
APP-11191,57,Male,Graduate,Salaried,54490.47,39750.53,60,677,0,0.1103,82314.15,Home,No,Approved
APP-11192,25,Male,Graduate,Salaried,65948.33,40135.57,12,713,1,0.5788,0.0,Vehicle,Yes,Rejected
APP-11193,56,Male,Graduate,Self-Employed,50548.0,30213.34,36,720,2,0.6176,0.0,Personal,Yes,Approved
APP-11194,57,Male,Not Graduate,Self-Employed,20000.0,7347.59,36,656,1,0.4689,0.0,Education,No,Approved
APP-11195,31,Female,Graduate,Salaried,47170.58,34811.91,180,525,0,0.056,44000.96,Home,No,Approved
APP-11196,49,Male,Not Graduate,Self-Employed,102252.0,30075.12,36,636,0,0.5425,45541.57,Home,Yes,Rejected
APP-11197,68,Male,Graduate,Self-Employed,46984.08,11449.84,60,555,0,0.5794,0.0,Personal,Yes,Rejected
APP-11198,55,Female,,Salaried,103698.0,36808.41,48,741,0,0.6386,0.0,Education,Yes,Rejected
APP-11199,50,Male,Not Graduate,Self-Employed,46161.51,25624.69,48,709,1,0.5536,0.0,Vehicle,No,Approved
APP-11200,40,Male,Graduate,Salaried,22337.21,15706.96,180,671,1,0.3174,33185.92,Business,No,Approved
APP-11201,32,Female,Graduate,Salaried,39478.94,7597.93,12,659,2,0.4632,10827.42,Business,No,Rejected
APP-11202,50,Male,Not Graduate,Salaried,37078.15,24829.81,180,837,2,0.3411,56796.79,Home,Yes,Approved
APP-11203,42,Male,Graduate,Salaried,43705.69,29238.07,240,771,1,0.2618,44931.98,Home,No,Rejected
APP-11204,34,Male,Graduate,Self-Employed,27101.4,13844.58,36,696,2,0.4259,23027.17,Business,No,Rejected
APP-11205,50,Male,Graduate,Salaried,49143.55,30866.93,36,636,2,0.5119,0.0,Personal,No,Approved
APP-11206,64,Female,Not Graduate,Salaried,41600.61,9456.5,48,783,2,0.4315,11722.66,Home,No,Approved
APP-11207,19,Male,Not Graduate,Salaried,49143.55,20412.92,120,688,2,0.5459,26674.48,Business,No,Rejected
APP-11208,31,Female,Graduate,Self-Employed,26765.83,18842.07,180,628,1,0.156,0.0,Vehicle,No,Approved
APP-11209,70,Male,Graduate,Salaried,55427.68,24870.62,12,632,0,0.2742,36947.55,Business,No,Approved
APP-11210,57,Female,Graduate,Self-Employed,60205.2,16385.21,48,732,2,0.2376,19145.66,Business,Yes,Approved
APP-11211,44,Male,Graduate,Salaried,72221.31,42040.84,180,677,1,0.1665,0.0,Home,No,Approved
APP-11212,68,Female,Graduate,Salaried,40872.23,29604.27,24,677,0,0.3159,0.0,Personal,No,Approved
APP-11213,56,Male,Not Graduate,Salaried,54742.77,29704.84,12,732,3,0.6187,0.0,Education,Yes,Approved
APP-11214,68,Female,Not Graduate,Salaried,58491.64,20070.91,12,655,0,0.3728,0.0,Personal,No,Approved
APP-11215,23,Female,Not Graduate,Salaried,21500.21,9422.82,120,636,3,0.2218,12911.57,Business,No,Approved
APP-11216,23,Female,Graduate,Salaried,41612.24,26073.76,60,691,1,0.2624,0.0,Vehicle,No,Approved
APP-11217,20,Male,Not Graduate,Salaried,48227.0,7101.42,12,673,1,0.4178,11877.27,Home,No,Rejected
APP-11218,24,Female,Not Graduate,Salaried,51138.31,12887.63,36,599,2,0.2616,21031.93,Home,Yes,Rejected
APP-11219,68,Female,Graduate,Salaried,50826.0,21540.61,180,677,1,0.373,29686.67,Home,Yes,Approved
APP-11220,44,Female,Not Graduate,Salaried,61008.02,31905.28,360,735,1,0.2145,0.0,Education,No,Approved
APP-11221,59,Male,Not Graduate,Self-Employed,129159.39,43580.43,360,648,1,0.2576,52846.98,Home,Yes,Approved
APP-11222,69,Male,Not Graduate,Salaried,36398.6,11242.57,120,806,1,0.4734,0.0,Personal,No,Approved
APP-11223,44,Female,Graduate,Self-Employed,59313.0,7649.55,36,579,2,0.4008,0.0,Vehicle,No,Rejected
APP-11224,44,Male,Graduate,Salaried,93962.55,11540.6,12,614,0,0.1061,0.0,Vehicle,No,Approved
APP-11225,46,Female,Graduate,Salaried,20000.0,5901.73,36,634,1,0.6339,9120.57,Business,No,Rejected
APP-11226,50,Female,Graduate,Salaried,56053.71,26421.16,24,745,3,0.08,0.0,Personal,No,Approved
APP-11227,69,Female,Graduate,Salaried,21158.78,10356.38,60,696,1,0.0998,0.0,Personal,No,Approved
APP-11228,47,Male,Graduate,Self-Employed,146208.49,65182.56,240,609,2,0.4708,0.0,Education,No,Approved
APP-11229,56,Female,Graduate,Salaried,63641.77,24624.05,60,530,2,0.4748,0.0,Education,No,Rejected
APP-11230,44,Female,Graduate,Salaried,59489.0,16454.88,12,585,1,0.0614,35270.79,Business,Yes,Rejected
APP-11231,53,Male,Graduate,Salaried,20000.0,7609.72,36,539,1,0.4357,13805.09,Home,No,Approved
APP-11232,46,Male,Graduate,Self-Employed,38092.0,7509.11,60,749,2,0.07,0.0,Personal,Yes,Approved
APP-11233,55,Female,Graduate,Self-Employed,38181.33,6898.66,180,595,0,0.6265,0.0,Business,No,Rejected
APP-11234,50,Male,Graduate,Salaried,118566.32,36750.85,60,734,1,0.4677,89140.13,Business,No,Rejected
APP-11235,54,Female,,Salaried,70586.95,56239.74,60,723,0,0.1619,0.0,Vehicle,No,Rejected
APP-11236,44,Female,Graduate,Self-Employed,21451.22,7047.75,180,775,1,0.1449,9132.76,Home,No,Approved
APP-11237,50,Female,Not Graduate,Self-Employed,61991.0,46835.72,240,622,0,0.3918,65113.13,Home,No,Rejected
APP-11238,44,Female,Not Graduate,Salaried,23122.19,8661.19,240,712,0,0.4301,12926.13,Home,No,Rejected
APP-11239,39,Male,Graduate,Salaried,21705.77,8840.91,180,677,2,0.5487,0.0,Education,No,Rejected
APP-11240,19,Female,Not Graduate,Self-Employed,61494.99,40460.26,36,689,2,0.592,97943.47,Home,No,Approved
APP-11241,27,Male,Graduate,Self-Employed,71138.54,11776.76,24,678,4,0.2855,0.0,Vehicle,No,Approved
APP-11242,22,Female,Graduate,Salaried,61659.14,14034.81,12,747,0,0.5565,24189.13,Business,Yes,Rejected
APP-11243,27,Male,Graduate,Salaried,125466.15,98075.41,120,738,2,0.3754,174016.11,Business,No,Approved
APP-11244,50,Male,Graduate,Self-Employed,58945.95,26769.84,360,679,5,0.3323,35362.97,Business,No,Approved
APP-11245,55,Female,Not Graduate,Self-Employed,53372.3,6992.67,36,643,0,0.4694,0.0,Personal,No,Approved
APP-11246,30,Male,Graduate,Self-Employed,26688.69,5000.0,60,634,0,0.1119,0.0,Vehicle,No,Approved
APP-11247,48,Male,Not Graduate,Self-Employed,75267.74,55326.94,360,682,0,0.2092,114509.35,Home,No,Approved
APP-11248,64,Female,Not Graduate,Salaried,21467.12,15270.76,360,697,1,0.54,0.0,Vehicle,No,Approved
APP-11249,53,Female,Graduate,Self-Employed,134616.4,56657.27,180,677,1,0.3524,96538.63,Home,No,Approved
APP-11250,62,Female,Graduate,Salaried,75765.55,16233.18,48,576,2,0.5948,37809.68,Business,No,Rejected
APP-11251,41,Male,Graduate,Self-Employed,197777.65,100000.0,24,655,0,0.1032,236764.08,Business,No,Approved
APP-11252,44,Female,Not Graduate,Salaried,59555.51,19487.76,24,637,0,0.238,22786.51,Business,No,Approved
APP-11253,32,Male,Not Graduate,Self-Employed,77659.02,30546.47,48,681,2,0.2633,0.0,Personal,No,Rejected
APP-11254,46,Female,Graduate,Salaried,42676.96,24655.91,12,850,1,0.3036,0.0,Home,Yes,Rejected
APP-11255,25,Female,Not Graduate,Salaried,47971.4,16664.25,48,714,0,0.6421,0.0,Personal,Yes,Rejected
APP-11256,44,Female,Graduate,Salaried,28976.29,15649.19,120,780,1,0.2364,19828.38,Home,No,Approved
APP-11257,46,Male,Graduate,Self-Employed,23769.19,17106.64,120,625,2,0.3612,0.0,Home,No,Approved
APP-11258,64,Male,,Self-Employed,49143.55,35470.04,180,681,3,0.3716,40389.01,Home,No,Approved
APP-11259,21,Male,Graduate,Self-Employed,47830.02,17559.73,60,778,1,0.5125,33616.74,Business,No,Approved
APP-11260,29,Male,Not Graduate,Salaried,28624.35,8631.83,360,553,1,0.3607,12128.77,Business,No,Rejected
APP-11261,62,Male,Graduate,Salaried,31276.87,9378.6,24,661,0,0.4134,21410.4,Business,No,Approved
APP-11262,19,Female,Graduate,Self-Employed,49823.15,17139.85,24,729,1,0.502,0.0,Vehicle,No,Approved
APP-11263,44,Male,Graduate,Self-Employed,28379.98,12642.2,48,674,1,0.1107,0.0,Personal,No,Approved
APP-11264,48,Female,Graduate,Self-Employed,58590.0,22944.99,48,634,1,0.6281,0.0,Vehicle,No,Rejected
APP-11265,68,Male,Graduate,Self-Employed,28823.76,5565.95,48,639,3,0.5578,9753.1,Home,No,Rejected
APP-11266,68,Male,Graduate,Self-Employed,55710.69,11945.44,12,705,1,0.2833,0.0,Education,No,Approved
APP-11267,53,Female,Not Graduate,Salaried,49143.55,9376.7,48,554,2,0.4871,0.0,Education,No,Approved
APP-11268,53,Male,Graduate,Self-Employed,27632.34,13635.04,60,689,3,0.5074,30989.63,Home,No,Rejected
APP-11269,43,Male,Graduate,Salaried,20000.0,10297.3,360,738,2,0.5601,0.0,Education,No,Rejected
APP-11270,60,Female,Graduate,Self-Employed,45245.59,19923.67,36,677,2,0.163,0.0,Education,Yes,Approved
APP-11271,44,Female,Graduate,Self-Employed,101420.69,62591.08,36,555,2,0.4722,0.0,Education,No,Rejected
APP-11272,22,Female,Graduate,Salaried,98584.11,60735.12,60,639,1,0.07,0.0,Vehicle,No,Rejected
APP-11273,37,Female,Graduate,Salaried,57643.56,23019.33,120,670,0,0.1193,0.0,Personal,No,Approved
APP-11274,28,Female,Graduate,Salaried,20000.0,5000.0,36,677,2,0.5156,0.0,Personal,No,Rejected
APP-11275,27,Male,Graduate,Salaried,74752.47,35217.56,12,682,3,0.5378,0.0,Vehicle,No,Rejected
APP-11276,44,Female,Graduate,Salaried,54876.1,20141.08,240,693,2,0.4055,44605.14,Home,Yes,Rejected
APP-11277,55,Female,Not Graduate,Self-Employed,40004.55,7862.74,12,776,0,0.399,0.0,Vehicle,Yes,Approved
APP-11278,23,Female,Graduate,Salaried,89651.31,70579.97,24,666,3,0.4997,114381.69,Home,No,Approved
APP-11279,25,Male,Graduate,Salaried,66684.13,23928.18,36,688,0,0.5937,57991.17,Home,Yes,Rejected
APP-11280,40,Male,Graduate,Self-Employed,130715.0,70332.3,120,635,1,0.3027,143057.46,Home,No,Rejected
APP-11281,64,Female,Graduate,Self-Employed,24274.47,10755.78,48,641,2,0.1189,20798.31,Home,No,Approved
APP-11282,43,Female,Graduate,Salaried,25242.51,5047.99,48,736,1,0.5534,0.0,Vehicle,No,Approved
APP-11283,63,Male,Graduate,Self-Employed,27460.68,5000.0,360,661,2,0.255,0.0,Personal,Yes,Approved
APP-11284,60,Female,Not Graduate,Salaried,42510.0,22871.9,120,746,2,0.1303,36441.78,Home,No,Approved
APP-11285,29,Male,Graduate,Salaried,108454.51,29598.9,24,676,2,0.4188,71394.25,Home,No,Approved
APP-11286,43,Female,Graduate,Salaried,35889.63,9710.22,180,588,1,0.3969,15272.51,Home,No,Approved
APP-11287,30,Female,Graduate,Salaried,36275.5,27927.9,36,677,3,0.3345,63402.01,Business,Yes,Approved
APP-11288,57,Female,Graduate,Salaried,60394.06,25561.26,360,850,0,0.5659,0.0,Education,Yes,Rejected
APP-11289,44,Male,Graduate,Self-Employed,74725.58,9011.77,120,671,1,0.2133,0.0,Personal,No,Approved
APP-11290,42,Male,Graduate,Self-Employed,20000.0,6757.8,240,550,2,0.0579,11258.71,Home,Yes,Rejected
APP-11291,50,Female,Graduate,Salaried,82442.59,41975.16,12,588,3,0.244,0.0,Home,No,Approved
APP-11292,64,Male,Not Graduate,Salaried,35326.61,11657.68,24,622,0,0.0558,25344.47,Home,No,Approved
APP-11293,57,Female,Graduate,Salaried,46574.0,5532.77,120,608,1,0.376,13149.34,Business,No,Approved
APP-11294,60,Female,Graduate,Self-Employed,99621.38,40946.17,36,592,3,0.2769,71731.55,Home,Yes,Rejected
APP-11295,29,Female,Graduate,Self-Employed,43992.67,7660.64,12,796,2,0.5384,14069.45,Business,No,Approved
APP-11296,61,Male,Graduate,Salaried,22789.72,12156.31,120,733,2,0.5286,18993.99,Home,Yes,Rejected
APP-11297,53,Female,,Salaried,23459.89,12520.8,60,664,0,0.3108,0.0,Personal,No,Approved
APP-11298,65,Female,Not Graduate,Salaried,48312.43,6108.21,360,633,4,0.1799,7186.76,Home,Yes,Rejected
APP-11299,21,Male,Graduate,Salaried,41473.82,12585.91,120,667,2,0.3035,25341.4,Business,No,Rejected
APP-11300,22,Female,Graduate,Salaried,50500.4,19673.97,60,822,2,0.4348,24936.75,Home,No,Approved
APP-11301,54,Male,,Salaried,40109.2,19460.38,12,610,4,0.1641,0.0,Education,No,Approved
APP-11302,25,Male,Graduate,Salaried,91191.18,28017.98,12,677,0,0.5138,44707.8,Home,No,Rejected
APP-11303,59,Male,Graduate,Salaried,49631.63,14960.09,12,733,0,0.2483,0.0,Personal,No,Approved
APP-11304,66,Male,Graduate,Salaried,20302.74,16000.8,180,760,3,0.6093,25429.94,Home,No,Rejected
APP-11305,45,Male,Graduate,Salaried,73737.48,9534.55,120,796,1,0.3571,0.0,Education,No,Approved
APP-11306,48,Male,Graduate,Self-Employed,127152.0,100000.0,60,651,3,0.5583,0.0,Education,No,Approved
APP-11307,26,Male,Not Graduate,Self-Employed,52969.0,7067.48,48,652,2,0.4195,0.0,Vehicle,Yes,Rejected
APP-11308,68,Male,Not Graduate,Self-Employed,55065.31,16620.86,240,840,1,0.383,21796.68,Home,No,Approved
APP-11309,46,Female,Graduate,Self-Employed,49143.55,14789.71,240,727,1,0.4593,0.0,Personal,No,Rejected
APP-11310,31,Female,Graduate,Salaried,43424.0,8698.27,60,673,0,0.5369,17687.01,Business,No,Rejected
APP-11311,57,Male,Graduate,Self-Employed,63034.34,12253.4,48,677,0,0.4367,16473.95,Business,No,Approved
APP-11312,58,Female,Graduate,Self-Employed,49143.55,24121.33,24,645,1,0.5283,52817.77,Home,No,Approved
APP-11313,39,Female,,Salaried,61267.21,47877.57,180,704,3,0.1643,69374.15,Business,No,Approved
APP-11314,28,Male,Graduate,Salaried,121664.24,44539.06,60,702,1,0.2165,0.0,Home,No,Approved
APP-11315,40,Male,Not Graduate,Self-Employed,51494.75,25551.51,36,746,0,0.1878,38383.54,Home,No,Approved
APP-11316,18,Female,Graduate,Self-Employed,27977.0,16590.71,360,601,5,0.529,26233.56,Home,No,Approved
APP-11317,63,Female,Graduate,Salaried,28381.0,17583.55,360,708,1,0.1017,0.0,Education,No,Approved
APP-11318,54,Male,Graduate,Salaried,90871.88,52853.69,240,586,3,0.5275,69442.01,Home,No,Rejected
APP-11319,44,Male,Graduate,Self-Employed,81109.14,27240.48,12,830,0,0.2834,46525.93,Home,No,Approved
APP-11320,43,Male,Graduate,Salaried,21541.0,5000.0,36,646,1,0.0977,6062.28,Business,No,Approved
APP-11321,44,Female,Graduate,Self-Employed,44145.0,13120.1,24,547,1,0.305,22277.44,Home,Yes,Rejected
APP-11322,53,Male,Not Graduate,Salaried,44954.36,11113.02,48,850,1,0.2303,17512.75,Business,No,Approved
APP-11323,40,Female,Graduate,Self-Employed,33665.66,6578.07,24,638,0,0.4052,10351.06,Business,No,Approved
APP-11324,18,Male,Graduate,Salaried,24217.08,5000.0,240,687,0,0.3335,0.0,Education,No,Approved
APP-11325,68,Male,Not Graduate,Salaried,33296.18,25138.89,12,544,5,0.2281,0.0,Education,No,Approved
APP-11326,57,Female,Graduate,Salaried,30434.0,22665.16,48,675,1,0.5674,49333.71,Home,No,Rejected
APP-11327,32,Male,Not Graduate,Salaried,24508.27,5000.0,60,813,0,0.2941,7991.99,Business,No,Rejected
APP-11328,38,Female,Not Graduate,Salaried,74200.98,16410.23,48,736,0,0.3324,0.0,Personal,No,Rejected
APP-11329,64,Male,Graduate,Salaried,56470.48,11161.41,240,543,1,0.558,0.0,Education,No,Rejected
APP-11330,26,Female,Graduate,Salaried,38868.47,11538.34,24,618,2,0.1034,0.0,Vehicle,No,Approved
APP-11331,70,Male,,Salaried,20000.0,5000.0,360,753,2,0.2839,7334.1,Business,No,Approved
APP-11332,26,Female,Not Graduate,Self-Employed,42212.0,32169.73,24,730,1,0.292,0.0,Vehicle,No,Approved
APP-11333,27,Female,Graduate,Self-Employed,63610.12,10108.88,24,641,0,0.3475,0.0,Vehicle,Yes,Rejected
APP-11334,44,Female,Graduate,Salaried,33927.0,8419.75,24,711,1,0.1137,15088.94,Home,No,Approved
APP-11335,70,Male,Graduate,Salaried,27584.72,5000.0,240,584,0,0.1116,0.0,Education,Yes,Rejected
APP-11336,43,Female,Graduate,Self-Employed,46096.35,36244.17,36,575,3,0.2998,0.0,Personal,No,Rejected
APP-11337,58,Male,Graduate,Salaried,57962.0,43058.99,240,480,2,0.0698,94850.63,Business,Yes,Approved
APP-11338,52,Female,Graduate,Salaried,20000.0,12032.84,180,754,2,0.203,24094.58,Home,Yes,Rejected
APP-11339,44,Male,Graduate,Self-Employed,96471.66,38413.19,48,671,2,0.1707,44298.16,Home,No,Approved
APP-11340,42,Female,Graduate,Salaried,26250.4,6119.62,180,680,0,0.3436,0.0,Vehicle,No,Rejected
APP-11341,43,Male,Not Graduate,Salaried,39680.24,10120.16,240,434,0,0.0567,0.0,Personal,No,Approved
APP-11342,28,Male,Graduate,Salaried,88489.18,36291.89,120,676,1,0.4554,90270.67,Business,No,Approved
APP-11343,55,Male,Graduate,Salaried,52191.74,33285.59,120,724,1,0.5634,53069.83,Home,No,Rejected
APP-11344,19,Female,Not Graduate,Salaried,84799.57,24194.22,36,512,3,0.474,0.0,Education,Yes,Approved
APP-11345,24,Male,Not Graduate,Self-Employed,106600.07,33851.31,60,683,3,0.5408,58122.82,Home,No,Rejected
APP-11346,35,Male,Graduate,Salaried,23627.39,12285.32,24,674,0,0.436,18457.09,Home,Yes,Rejected
APP-11347,44,Male,Not Graduate,Salaried,76958.53,20502.56,60,642,0,0.3544,0.0,Education,No,Rejected
APP-11348,51,Male,Graduate,Salaried,95105.63,48404.3,60,784,0,0.1814,86971.52,Home,Yes,Approved
APP-11349,44,Male,Graduate,Salaried,40623.31,15070.91,180,765,5,0.2178,0.0,Education,No,Approved
APP-11350,34,Male,Graduate,Salaried,42273.0,5244.24,48,850,0,0.2406,7582.22,Home,No,Approved
APP-11351,60,Male,Graduate,Salaried,49143.55,7637.82,120,582,4,0.0728,0.0,Business,No,Approved
APP-11352,61,Male,Graduate,Salaried,72441.87,53872.68,360,677,0,0.5979,112940.35,Home,No,Approved
APP-11353,68,Male,Graduate,Salaried,20000.0,6103.57,48,799,2,0.5902,0.0,Education,No,Rejected
APP-11354,41,Male,Graduate,Salaried,79570.91,25938.74,120,624,1,0.1147,0.0,Personal,No,Rejected
APP-11355,42,Female,Graduate,Salaried,24128.89,5000.0,360,815,1,0.384,6468.01,Home,No,Approved
APP-11356,24,Female,Graduate,Self-Employed,98257.25,52128.73,12,709,0,0.331,0.0,Education,Yes,Rejected
APP-11357,69,Female,Graduate,Salaried,59762.68,41503.37,240,540,4,0.46,0.0,Personal,No,Approved
APP-11358,23,Female,Not Graduate,Salaried,81184.84,28174.88,12,577,1,0.4118,0.0,Vehicle,No,Rejected
APP-11359,70,Female,Not Graduate,Salaried,32650.37,8755.91,48,633,1,0.1246,0.0,Education,No,Rejected
APP-11360,44,Female,Not Graduate,Salaried,25166.61,19368.94,36,672,0,0.446,46419.63,Home,No,Approved
APP-11361,50,Female,Graduate,Self-Employed,20296.2,12615.12,48,779,2,0.4153,0.0,Personal,No,Approved
APP-11362,66,Female,Graduate,Salaried,84592.55,42043.72,180,672,0,0.3687,64375.01,Business,No,Rejected
APP-11363,46,Male,Graduate,Salaried,68286.68,21433.26,360,775,0,0.2914,0.0,Education,No,Approved
APP-11364,60,Male,Graduate,Salaried,69508.65,17694.03,360,688,2,0.623,0.0,Personal,No,Rejected
APP-11365,39,Male,Graduate,Salaried,56710.87,34084.41,12,680,0,0.5597,64932.0,Business,No,Rejected
APP-11366,43,Female,Graduate,Salaried,64339.94,29934.3,12,656,0,0.4011,46415.02,Business,Yes,Approved
APP-11367,45,Male,Graduate,Self-Employed,42368.8,19676.91,360,758,1,0.0538,0.0,Vehicle,No,Approved
APP-11368,44,Female,Graduate,Salaried,58991.6,8942.94,48,690,0,0.3093,0.0,Education,No,Approved
APP-11369,38,Male,Graduate,Self-Employed,31938.95,14645.16,36,621,0,0.4702,25910.85,Business,No,Approved
APP-11370,66,Female,Graduate,Salaried,41301.0,27915.97,360,677,0,0.1204,0.0,Personal,No,Approved
APP-11371,24,Male,Not Graduate,Salaried,224507.58,100000.0,60,643,1,0.2939,236532.19,Home,Yes,Rejected
APP-11372,34,Female,Graduate,Self-Employed,49984.12,8731.11,120,638,3,0.165,0.0,Personal,No,Approved
APP-11373,37,Female,Graduate,Self-Employed,20000.0,10836.31,12,774,0,0.2529,0.0,Vehicle,No,Rejected
APP-11374,58,Female,Graduate,Salaried,39962.83,19895.22,12,667,1,0.066,0.0,Vehicle,No,Approved
APP-11375,66,Female,Graduate,Salaried,28889.65,20893.54,180,850,1,0.126,24988.85,Home,No,Approved
APP-11376,37,Female,Not Graduate,Self-Employed,53082.85,33223.01,240,738,0,0.3229,76375.7,Business,No,Approved
APP-11377,39,Female,Graduate,Salaried,31423.79,24374.91,240,618,0,0.5889,0.0,Personal,Yes,Rejected
APP-11378,45,Male,Graduate,Salaried,44094.23,34041.75,180,613,1,0.3443,64019.02,Home,Yes,Rejected
APP-11379,57,Male,Graduate,Self-Employed,33863.0,8735.98,360,580,0,0.3218,0.0,Education,No,Rejected
APP-11380,44,Male,Not Graduate,Salaried,54100.14,32879.12,12,728,0,0.5225,0.0,Business,No,Approved
APP-11381,24,Male,Graduate,Salaried,35821.39,16884.99,24,611,2,0.211,19894.6,Home,Yes,Approved
APP-11382,18,Female,Not Graduate,Salaried,58597.07,14662.24,36,498,1,0.107,0.0,Vehicle,No,Rejected
APP-11383,49,Male,Graduate,Salaried,129870.19,30702.4,60,547,3,0.1757,66500.13,Home,No,Rejected
APP-11384,30,Female,Graduate,Self-Employed,27523.46,5000.0,48,591,0,0.525,6394.45,Business,No,Approved
APP-11385,47,Male,Not Graduate,Salaried,70399.0,46243.51,48,706,1,0.4562,0.0,Education,No,Approved
APP-11386,40,Female,,Self-Employed,20000.0,6543.07,240,673,1,0.1049,16035.43,Business,No,Approved
APP-11387,68,Female,Graduate,Salaried,43634.97,30539.16,240,755,1,0.4503,0.0,Personal,Yes,Rejected
APP-11388,36,Female,Not Graduate,Salaried,54965.03,28901.75,180,677,0,0.6089,64133.05,Home,Yes,Approved
APP-11389,49,Male,Not Graduate,Salaried,33725.0,19275.28,12,654,1,0.077,34503.04,Business,No,Approved
APP-11390,47,Male,,Self-Employed,20056.4,6100.59,48,819,1,0.4199,0.0,Education,No,Approved
APP-11391,46,Male,Graduate,Self-Employed,48097.0,20205.94,12,652,1,0.2775,0.0,Education,No,Rejected
APP-11392,66,Male,Not Graduate,Salaried,105456.91,40982.91,60,697,1,0.3506,98106.27,Business,Yes,Rejected
APP-11393,62,Male,Graduate,Salaried,45559.54,12072.46,36,677,1,0.367,0.0,Personal,Yes,Rejected
APP-11394,46,Male,Not Graduate,Salaried,64814.65,44252.75,36,661,1,0.5126,0.0,Personal,No,Approved
APP-11395,47,Male,Graduate,Salaried,86115.0,46111.13,48,718,0,0.384,61636.87,Home,No,Approved
APP-11396,33,Male,Graduate,Salaried,168676.38,21287.36,24,732,1,0.4059,0.0,Vehicle,No,Approved
APP-11397,57,Female,Not Graduate,Salaried,28965.37,19520.98,180,689,1,0.2497,48574.63,Business,No,Approved
APP-11398,36,Male,Graduate,Salaried,30498.86,5313.71,48,659,2,0.1256,0.0,Personal,No,Rejected
APP-11399,35,Male,Graduate,Salaried,42356.74,16205.16,60,690,0,0.4596,34088.31,Home,No,Rejected
APP-11400,18,Female,Graduate,Salaried,66684.0,33333.92,24,621,1,0.0503,0.0,Personal,No,Approved
APP-11401,31,Female,Graduate,Salaried,20000.0,5000.0,120,662,0,0.2472,0.0,Home,No,Rejected
APP-11402,68,Female,Graduate,Self-Employed,67973.93,37863.9,360,706,1,0.1808,0.0,Education,No,Approved
APP-11403,64,Female,Not Graduate,Salaried,52792.9,29658.63,240,758,1,0.2831,0.0,Education,Yes,Approved
APP-11404,67,Male,Graduate,Salaried,37534.95,20898.27,240,607,1,0.2368,0.0,Education,No,Approved
APP-11405,19,Female,Graduate,Salaried,60642.73,13003.47,24,665,0,0.4725,24072.39,Business,No,Rejected
APP-11406,45,Male,Not Graduate,Salaried,76483.06,21339.74,48,599,1,0.2061,0.0,Education,Yes,Rejected
APP-11407,66,Male,Graduate,Self-Employed,81962.0,22388.99,240,644,1,0.3865,0.0,Education,No,Approved
APP-11408,67,Female,Graduate,Salaried,49384.0,38126.76,12,760,1,0.3235,0.0,Education,No,Approved
APP-11409,47,Male,Not Graduate,Salaried,57700.23,8497.5,240,637,1,0.5306,0.0,Education,No,Approved
APP-11410,55,Female,Not Graduate,Salaried,56622.45,22656.51,36,672,1,0.3069,0.0,Education,No,Approved
APP-11411,68,Female,Not Graduate,Salaried,90726.0,64404.32,240,581,3,0.5683,134941.66,Home,No,Rejected
APP-11412,21,Female,Graduate,Salaried,59314.0,37879.76,120,635,2,0.0501,74177.33,Home,No,Approved
APP-11413,18,Male,Graduate,Salaried,67684.44,45735.02,180,556,3,0.4129,77453.59,Business,No,Approved
APP-11414,25,Male,Graduate,Salaried,76598.31,59793.06,24,702,3,0.0559,86544.47,Home,Yes,Rejected
APP-11415,46,Female,Graduate,Self-Employed,130520.04,48433.8,12,709,2,0.4784,0.0,Home,No,Approved
APP-11416,56,Male,Graduate,Salaried,36573.99,11585.13,120,706,2,0.191,16607.53,Business,Yes,Rejected
APP-11417,20,Male,Not Graduate,Salaried,110509.0,13422.63,36,712,1,0.278,0.0,Vehicle,Yes,Rejected
APP-11418,49,Male,Not Graduate,Self-Employed,168644.78,34574.47,48,707,3,0.2783,82900.26,Home,No,Approved
APP-11419,27,Male,Graduate,Salaried,37758.98,18630.67,360,557,0,0.5579,0.0,Personal,No,Rejected
APP-11420,27,Female,Graduate,Salaried,43985.04,9252.8,36,677,1,0.1113,0.0,Personal,No,Approved
APP-11421,36,Female,Graduate,Salaried,39567.94,24350.64,24,500,1,0.4501,0.0,Vehicle,No,Approved
APP-11422,63,Male,Graduate,Salaried,68080.37,8582.4,24,642,2,0.6388,12261.13,Home,Yes,Rejected
APP-11423,51,Female,Graduate,Salaried,20000.0,5632.83,24,610,3,0.0634,13785.6,Business,Yes,Approved
APP-11424,50,Female,Graduate,Salaried,38187.02,22408.8,120,676,2,0.6295,0.0,Vehicle,No,Rejected
APP-11425,44,Female,Graduate,Self-Employed,42752.33,11921.57,24,850,1,0.061,19527.5,Home,No,Approved
APP-11426,45,Male,Graduate,Salaried,40923.22,24968.58,180,742,0,0.5547,0.0,Personal,No,Approved
APP-11427,49,Male,Graduate,Salaried,49143.55,32456.29,180,802,0,0.6267,36261.88,Business,No,Rejected
APP-11428,67,Female,Graduate,Salaried,38383.01,25254.44,180,745,0,0.6458,0.0,Vehicle,No,Rejected
APP-11429,24,Male,Graduate,Salaried,72308.2,24533.07,24,671,1,0.3255,0.0,Education,Yes,Approved
APP-11430,46,Female,Graduate,Salaried,64159.16,46862.77,180,679,0,0.5702,110802.4,Home,No,Rejected
APP-11431,25,Female,Graduate,Salaried,114886.56,15604.56,240,749,0,0.1234,19444.72,Home,Yes,Approved
APP-11432,18,Female,Graduate,Salaried,72400.37,43983.57,240,699,0,0.3052,70385.19,Home,No,Approved
APP-11433,20,Male,Graduate,Self-Employed,49143.55,5000.0,24,656,4,0.2348,0.0,Personal,No,Rejected
APP-11434,41,Female,Not Graduate,Salaried,45025.0,10004.14,60,794,1,0.2871,0.0,Education,No,Rejected
APP-11435,40,Female,Graduate,Self-Employed,42697.0,33786.57,120,715,1,0.4712,0.0,Personal,No,Approved
APP-11436,25,Male,Graduate,Self-Employed,55693.52,19638.62,360,565,3,0.1025,0.0,Personal,Yes,Approved
APP-11437,64,Female,Graduate,Salaried,49143.55,57103.35,120,665,4,0.6489,130168.54,Home,Yes,Approved
APP-11438,54,Male,Graduate,Salaried,53794.02,19541.25,120,684,0,0.431,43159.92,Home,No,Approved
APP-11439,20,Female,Graduate,Self-Employed,53866.0,37060.55,120,647,0,0.5741,0.0,Personal,No,Rejected
APP-11440,68,Female,Not Graduate,Salaried,49267.55,38222.14,360,649,1,0.548,0.0,Education,No,Approved
APP-11441,50,Male,Graduate,Self-Employed,73518.47,29765.82,180,646,0,0.5096,70835.23,Business,No,Approved
APP-11442,45,Male,Not Graduate,Salaried,36884.53,18130.39,12,537,0,0.0735,0.0,Education,No,Approved
APP-11443,64,Female,Not Graduate,Salaried,23659.0,12776.94,12,522,1,0.3599,0.0,Personal,No,Approved
APP-11444,25,Female,Graduate,Self-Employed,67662.64,51043.64,48,627,0,0.247,121254.12,Business,No,Rejected
APP-11445,51,Male,Graduate,Salaried,59135.32,16541.38,24,647,1,0.1178,0.0,Personal,No,Approved
APP-11446,52,Female,Graduate,Salaried,95007.31,50151.94,36,572,0,0.2558,0.0,Personal,No,Approved
APP-11447,44,Female,Graduate,Salaried,20000.0,6546.08,180,598,3,0.4369,14261.94,Business,No,Approved
APP-11448,41,Female,Not Graduate,Self-Employed,46621.88,11741.87,180,659,3,0.1884,22490.3,Business,No,Approved
APP-11449,31,Female,Graduate,Self-Employed,51707.0,8244.45,36,762,0,0.3168,0.0,Education,Yes,Approved
APP-11450,49,Male,Not Graduate,Salaried,23030.18,12309.58,24,757,2,0.2927,23217.95,Home,No,Approved
APP-11451,63,Female,Graduate,Self-Employed,46943.58,33680.13,12,759,0,0.0815,0.0,Home,Yes,Approved
APP-11452,60,Male,Not Graduate,Salaried,88739.58,30701.68,360,599,1,0.427,34327.16,Home,No,Approved
APP-11453,33,Female,,Salaried,139115.16,67730.72,36,662,1,0.4213,0.0,Personal,No,Rejected
APP-11454,21,Female,Graduate,Self-Employed,80113.8,44022.02,360,778,1,0.6298,92956.83,Business,No,Rejected
APP-11455,69,Female,Graduate,Self-Employed,49143.55,16265.63,48,538,1,0.2288,0.0,Personal,No,Rejected
APP-11456,54,Female,Graduate,Salaried,49143.55,67457.43,120,643,1,0.3014,95610.61,Home,No,Approved
APP-11457,38,Female,Not Graduate,Salaried,77319.49,27365.58,180,677,4,0.2922,0.0,Personal,No,Approved
APP-11458,31,Female,Graduate,Self-Employed,38476.57,7214.65,120,543,1,0.6018,16306.38,Business,No,Rejected
APP-11459,48,Male,Not Graduate,Self-Employed,36647.55,7359.35,12,714,1,0.2952,0.0,Personal,No,Approved
APP-11460,65,Male,Graduate,Salaried,45059.94,32605.39,120,803,4,0.3157,61145.73,Home,No,Approved
APP-11461,35,Male,Graduate,Salaried,28986.21,22945.65,120,777,1,0.2014,56954.48,Business,No,Approved
APP-11462,24,Male,Not Graduate,Self-Employed,41965.54,12684.36,60,665,3,0.0507,17686.85,Business,No,Approved
APP-11463,27,Female,Graduate,Self-Employed,62528.42,12538.32,36,745,0,0.1163,0.0,Education,No,Approved
APP-11464,24,Male,Not Graduate,Salaried,82392.82,36050.86,36,542,1,0.4723,76170.11,Business,No,Rejected
APP-11465,50,Female,Graduate,Self-Employed,40561.47,24201.8,180,677,1,0.4595,0.0,Personal,No,Rejected
APP-11466,40,Female,Graduate,Self-Employed,98146.0,51887.97,240,655,2,0.243,96851.35,Home,No,Approved
APP-11467,38,Male,Graduate,Self-Employed,67849.87,51957.78,36,668,0,0.3338,124934.02,Home,Yes,Approved
APP-11468,36,Male,Graduate,Self-Employed,69412.8,46676.26,36,688,0,0.2284,0.0,Education,No,Approved
APP-11469,65,Male,Not Graduate,Salaried,49143.55,21929.3,180,677,1,0.4885,0.0,Personal,No,Approved
APP-11470,36,Female,Graduate,Salaried,121040.46,57998.6,180,677,2,0.5555,85396.63,Home,No,Approved
APP-11471,53,Male,Graduate,Salaried,64646.05,21274.54,360,677,2,0.5895,0.0,Education,No,Rejected
APP-11472,46,Male,Graduate,Salaried,41509.03,24540.77,120,659,3,0.1543,0.0,Education,No,Approved
APP-11473,35,Male,Graduate,Self-Employed,38003.8,15480.36,180,537,1,0.467,0.0,Personal,No,Rejected
APP-11474,19,Male,Graduate,Self-Employed,41972.67,12651.74,12,690,2,0.6278,0.0,Education,No,Rejected
APP-11475,18,Male,,Salaried,29461.25,6086.38,180,677,1,0.44,11329.26,Home,No,Rejected
APP-11476,64,Male,Graduate,Salaried,80350.23,37725.39,24,791,3,0.261,69047.21,Home,No,Approved
APP-11477,22,Female,Not Graduate,Salaried,31009.19,16000.04,180,687,3,0.4316,24582.3,Business,No,Approved
APP-11478,37,Female,Graduate,Self-Employed,49143.55,28227.68,36,830,0,0.4631,70037.19,Business,No,Rejected
APP-11479,28,Male,Graduate,Salaried,39145.52,7108.19,360,677,1,0.2882,8512.74,Business,Yes,Approved
APP-11480,59,Female,,Salaried,68555.45,34208.56,60,579,0,0.1124,0.0,Vehicle,No,Rejected
APP-11481,19,Male,Graduate,Salaried,49143.55,15987.89,180,675,4,0.414,30334.27,Home,No,Approved
APP-11482,20,Female,Graduate,Salaried,35526.97,20058.52,240,677,0,0.5313,29371.76,Home,No,Approved
APP-11483,40,Female,Graduate,Salaried,48197.54,19306.43,24,721,1,0.6485,0.0,Education,No,Approved
APP-11484,29,Male,Not Graduate,Self-Employed,23820.56,16535.09,12,701,1,0.1838,41056.44,Home,No,Approved
APP-11485,37,Male,Graduate,Salaried,49143.55,73971.48,180,695,0,0.4702,131244.49,Home,No,Approved
APP-11486,22,Male,Graduate,Salaried,49143.55,50761.13,120,677,0,0.0668,116753.98,Business,No,Approved
APP-11487,54,Male,Graduate,Salaried,24397.37,14407.04,120,645,3,0.632,0.0,Education,No,Rejected
APP-11488,55,Male,Graduate,Salaried,31778.58,15645.92,24,677,3,0.0575,0.0,Education,No,Approved
APP-11489,47,Female,Graduate,Self-Employed,45825.26,6542.91,36,702,2,0.2653,14892.28,Business,Yes,Rejected
APP-11490,26,Female,Graduate,Salaried,49980.11,27931.02,48,689,0,0.0958,62486.99,Home,No,Approved
APP-11491,51,Female,Graduate,Self-Employed,34786.14,14848.31,36,674,0,0.4226,0.0,Education,No,Rejected
APP-11492,70,Male,Graduate,Salaried,27654.29,11855.07,24,677,2,0.2537,27910.35,Business,Yes,Approved
APP-11493,61,Male,,Salaried,59725.58,21818.68,36,677,3,0.4898,0.0,Personal,No,Approved
APP-11494,52,Male,Not Graduate,Salaried,116978.13,87774.5,120,664,3,0.3418,0.0,Personal,No,Rejected
APP-11495,69,Male,Graduate,Self-Employed,50379.15,13834.91,360,677,1,0.3016,0.0,Education,Yes,Rejected
APP-11496,39,Female,Graduate,Salaried,42367.8,13626.17,48,571,3,0.2591,21995.11,Business,No,Approved
APP-11497,61,Male,Graduate,Self-Employed,40198.31,31118.66,120,677,1,0.1017,52022.36,Home,Yes,Approved
APP-11498,41,Female,Graduate,Salaried,28328.91,18898.43,12,642,1,0.1729,27553.67,Business,Yes,Approved
APP-11499,34,Female,Graduate,Salaried,35031.66,5000.0,120,572,2,0.4335,0.0,Personal,No,Approved
APP-11500,27,Female,Graduate,Self-Employed,86513.48,63524.71,36,572,3,0.3481,109727.45,Business,No,Approved
APP-11501,47,Female,Graduate,Self-Employed,20000.0,5173.06,360,512,0,0.0921,0.0,Education,No,Approved
APP-11502,63,Male,Graduate,Salaried,50770.0,30164.86,48,703,0,0.3764,74842.04,Business,No,Approved
APP-11503,40,Male,Not Graduate,Salaried,49710.79,24216.67,180,758,0,0.0825,0.0,Home,Yes,Approved
APP-11504,49,Male,Graduate,Salaried,52010.44,24744.92,48,681,1,0.357,47078.12,Home,No,Rejected
APP-11505,34,Female,Graduate,Salaried,70524.04,42493.9,120,647,4,0.629,96186.51,Business,Yes,Rejected
APP-11506,67,Female,Graduate,Self-Employed,50543.05,12384.41,180,568,0,0.234,0.0,Education,No,Rejected
APP-11507,68,Female,Graduate,Salaried,39066.0,8255.44,24,503,1,0.4841,12124.6,Home,No,Rejected
APP-11508,44,Female,Graduate,Salaried,35301.78,19639.75,120,677,5,0.4973,0.0,Education,No,Approved
APP-11509,31,Male,Graduate,Self-Employed,93824.0,28466.6,240,729,1,0.2929,0.0,Home,Yes,Approved
APP-11510,26,Female,Not Graduate,Self-Employed,82497.72,64493.84,120,613,2,0.406,157254.62,Home,No,Approved
APP-11511,57,Female,Graduate,Salaried,206658.0,85981.62,24,764,0,0.3332,0.0,Education,Yes,Approved
APP-11512,19,Female,Not Graduate,Self-Employed,42595.58,7587.04,48,624,2,0.22,8485.67,Business,No,Approved
APP-11513,62,Male,Graduate,Salaried,35628.23,20666.89,12,677,2,0.5028,49648.96,Home,No,Rejected
APP-11514,42,Female,Not Graduate,Salaried,61487.15,19326.12,180,617,2,0.4717,0.0,Personal,No,Approved
APP-11515,56,Male,Graduate,Self-Employed,60749.14,12393.5,240,466,3,0.5903,29214.03,Home,No,Rejected
APP-11516,26,Male,Graduate,Salaried,67384.99,26682.86,24,677,1,0.4209,31867.31,Business,No,Approved
APP-11517,39,Male,Not Graduate,Salaried,74874.0,58024.23,60,606,1,0.2832,112960.72,Home,No,Rejected
APP-11518,60,Male,Not Graduate,Salaried,67059.58,26019.21,240,556,1,0.4784,0.0,Education,No,Approved
APP-11519,63,Male,Graduate,Self-Employed,83911.32,28792.8,240,718,1,0.4214,63325.2,Business,No,Rejected
APP-11520,21,Male,Not Graduate,Salaried,89679.96,36872.48,60,608,0,0.42,61404.89,Business,No,Approved
APP-11521,43,Male,Not Graduate,Salaried,90483.46,9815.74,240,677,1,0.5599,0.0,Vehicle,Yes,Rejected
APP-11522,46,Male,Not Graduate,Self-Employed,20000.0,5000.0,120,784,0,0.5963,0.0,Vehicle,No,Approved
APP-11523,62,Female,Graduate,Salaried,55061.0,38254.6,60,663,1,0.1581,46999.61,Business,No,Approved
APP-11524,51,Female,Graduate,Self-Employed,30896.4,24242.06,48,565,0,0.2384,54815.17,Home,Yes,Rejected
APP-11525,40,Female,Graduate,Self-Employed,83093.68,17496.13,60,642,0,0.4402,30672.42,Business,No,Approved
APP-11526,54,Male,Graduate,Salaried,20000.0,9497.25,48,850,0,0.3843,13947.19,Business,No,Rejected
APP-11527,28,Male,Not Graduate,Salaried,49143.55,79345.59,12,688,2,0.4414,95151.04,Home,No,Approved
APP-11528,23,Male,,Salaried,31813.63,6668.36,36,628,0,0.3098,13311.65,Home,No,Approved
APP-11529,35,Female,Not Graduate,Salaried,28369.0,6536.8,240,720,2,0.2975,0.0,Home,No,Approved
APP-11530,38,Male,Graduate,Self-Employed,58578.6,43861.98,180,677,1,0.1206,50845.8,Home,No,Approved
APP-11531,59,Female,Graduate,Salaried,49143.55,24160.08,180,639,0,0.4242,53334.14,Business,No,Approved
APP-11532,53,Male,Graduate,Salaried,119335.56,24628.08,36,627,1,0.1555,0.0,Vehicle,No,Rejected
APP-11533,58,Female,Not Graduate,Salaried,96907.92,36383.58,360,748,1,0.4526,0.0,Education,No,Rejected
APP-11534,55,Female,Graduate,Salaried,37971.18,5292.76,120,677,3,0.6302,0.0,Personal,No,Rejected
APP-11535,51,Female,Graduate,Salaried,82556.85,33259.68,240,793,0,0.2038,72474.6,Home,No,Approved
APP-11536,34,Female,Graduate,Self-Employed,37322.68,24055.63,240,704,1,0.1353,37337.22,Home,No,Approved
APP-11537,54,Female,Not Graduate,Salaried,37162.03,18126.91,36,802,2,0.065,31925.16,Business,Yes,Rejected
APP-11538,42,Female,Graduate,Self-Employed,70058.95,38757.28,48,732,0,0.2773,0.0,Personal,No,Rejected
APP-11539,44,Female,Graduate,Salaried,101510.81,33374.12,120,677,2,0.1788,0.0,Vehicle,No,Approved
APP-11540,29,Male,Not Graduate,Salaried,39319.02,8374.05,24,669,1,0.3451,0.0,Vehicle,No,Approved
APP-11541,44,Male,Graduate,Salaried,40844.83,5000.0,180,826,1,0.3646,0.0,Personal,No,Approved
APP-11542,70,Male,Graduate,Self-Employed,56988.36,38462.51,24,784,4,0.2596,0.0,Vehicle,Yes,Approved
APP-11543,59,Male,Graduate,Salaried,31351.1,17106.98,60,803,1,0.4999,0.0,Vehicle,No,Rejected
APP-11544,39,Male,,Salaried,107227.2,27935.35,48,599,0,0.5929,0.0,Personal,No,Rejected
APP-11545,38,Female,Not Graduate,Salaried,31202.0,12259.21,360,529,0,0.1769,24970.88,Home,No,Rejected
APP-11546,44,Male,Graduate,Self-Employed,35717.75,23609.8,24,612,0,0.5518,0.0,Personal,No,Approved
APP-11547,48,Female,Graduate,Salaried,118612.78,56588.99,180,693,1,0.1287,0.0,Education,Yes,Rejected
APP-11548,23,Female,Graduate,Salaried,54572.98,16923.73,180,628,0,0.1872,0.0,Personal,No,Approved
APP-11549,44,Male,Not Graduate,Self-Employed,129546.0,37183.49,180,682,3,0.3868,67979.28,Home,No,Approved
APP-11550,57,Female,Graduate,Self-Employed,43930.37,11084.94,12,643,0,0.2339,27660.82,Business,No,Approved
APP-11551,51,Male,Graduate,Salaried,172777.41,100000.0,240,538,0,0.075,0.0,Personal,No,Rejected
APP-11552,29,Male,,Salaried,66690.98,33832.48,24,714,1,0.2269,52614.52,Home,No,Rejected
APP-11553,62,Male,Not Graduate,Salaried,33650.0,20069.47,60,677,1,0.593,0.0,Vehicle,No,Approved
APP-11554,70,Female,Graduate,Salaried,33392.0,23444.22,24,677,2,0.154,0.0,Education,No,Approved
APP-11555,24,Female,Graduate,Self-Employed,23657.0,18707.69,60,692,2,0.5083,34367.69,Home,No,Approved
APP-11556,27,Male,Graduate,Salaried,24987.0,6862.27,180,742,0,0.4834,0.0,Personal,No,Approved
APP-11557,62,Male,Graduate,Self-Employed,35250.47,7988.88,120,614,1,0.1137,10080.86,Home,Yes,Approved
APP-11558,34,Female,Graduate,Salaried,29857.78,12641.75,60,707,0,0.248,0.0,Vehicle,No,Approved
APP-11559,43,Female,Graduate,Salaried,20000.0,5000.0,48,744,2,0.1636,0.0,Education,No,Approved
APP-11560,38,Female,Graduate,Self-Employed,74664.54,48845.73,240,724,2,0.0639,0.0,Personal,Yes,Approved
APP-11561,45,Female,Not Graduate,Self-Employed,72234.0,51909.81,240,661,1,0.1538,0.0,Vehicle,No,Approved
APP-11562,63,Female,Graduate,Salaried,57193.09,33185.02,12,708,0,0.171,62355.16,Business,No,Approved
APP-11563,19,Male,Graduate,Salaried,27792.37,7992.99,24,729,0,0.1496,0.0,Personal,Yes,Approved
APP-11564,60,Male,Graduate,Salaried,111680.35,20795.87,36,776,2,0.1047,38489.8,Home,No,Approved
APP-11565,18,Female,Graduate,Self-Employed,44842.69,16479.73,12,635,2,0.3658,0.0,Vehicle,No,Approved
APP-11566,68,Male,Graduate,Self-Employed,32318.13,22084.11,36,590,1,0.2436,0.0,Vehicle,Yes,Approved
APP-11567,70,Male,Not Graduate,Salaried,55066.29,18914.14,240,613,3,0.5949,0.0,Education,Yes,Rejected
APP-11568,53,Male,Graduate,Salaried,53510.0,6634.05,48,691,2,0.1623,15180.96,Business,No,Approved
APP-11569,68,Female,Graduate,Self-Employed,20000.0,5839.93,180,680,0,0.4117,14571.63,Business,Yes,Rejected
APP-11570,43,Male,Not Graduate,Self-Employed,48268.16,38274.81,180,730,1,0.5904,0.0,Education,No,Rejected
APP-11571,46,Female,Graduate,Self-Employed,52066.0,29868.67,60,746,1,0.0783,74093.7,Home,No,Approved
APP-11572,38,Female,Not Graduate,Salaried,40563.72,29635.79,12,677,3,0.3598,42403.53,Home,Yes,Rejected
APP-11573,28,Female,Graduate,Salaried,25318.04,16264.45,48,641,3,0.3204,25597.38,Home,No,Approved
APP-11574,57,Female,Graduate,Salaried,25693.74,12276.31,180,696,2,0.6073,18224.43,Home,No,Approved
APP-11575,28,Male,Graduate,Self-Employed,63388.18,12936.4,60,769,0,0.4483,17846.43,Home,No,Approved
APP-11576,53,Male,Graduate,Salaried,71739.77,24682.15,24,675,0,0.2595,32338.32,Business,No,Approved
APP-11577,66,Female,Graduate,Salaried,39182.88,19929.12,240,789,2,0.4769,0.0,Education,Yes,Rejected
APP-11578,44,Female,Graduate,Salaried,59347.12,42103.38,24,724,1,0.3996,0.0,Personal,No,Approved
APP-11579,57,Female,Graduate,Self-Employed,38989.24,11231.73,240,710,2,0.2583,0.0,Vehicle,Yes,Rejected
APP-11580,52,Male,Not Graduate,Salaried,31996.46,5914.83,24,671,0,0.5211,10743.94,Business,Yes,Rejected
APP-11581,44,Female,Graduate,Salaried,54570.48,26804.07,60,678,4,0.4509,62225.6,Home,No,Approved
APP-11582,64,Female,Not Graduate,Salaried,27597.0,6169.27,48,706,3,0.0532,0.0,Vehicle,No,Approved
APP-11583,41,Female,Graduate,Salaried,126360.23,66623.84,12,664,1,0.5691,0.0,Personal,No,Rejected
APP-11584,39,Female,Graduate,Salaried,23890.67,6796.06,240,769,1,0.2883,0.0,Vehicle,No,Approved
APP-11585,22,Female,Not Graduate,Self-Employed,56495.35,14783.37,36,750,1,0.4373,28470.03,Business,Yes,Approved
APP-11586,50,Female,Graduate,Salaried,52845.07,20050.82,48,775,1,0.2881,0.0,Personal,No,Approved
APP-11587,53,Female,Not Graduate,Salaried,50550.99,26045.6,48,596,1,0.5788,63637.02,Business,Yes,Rejected
APP-11588,64,Female,Graduate,Salaried,102918.91,49578.34,60,594,1,0.4405,0.0,Vehicle,No,Approved
APP-11589,37,Female,Graduate,Salaried,20000.0,5426.28,36,719,2,0.3976,8879.55,Home,Yes,Rejected
APP-11590,36,Female,Graduate,Salaried,60226.4,43590.76,360,673,2,0.6382,98948.19,Business,No,Approved
APP-11591,52,Male,Graduate,Salaried,42757.99,7564.63,48,700,1,0.2184,8875.35,Home,Yes,Approved
APP-11592,69,Female,Graduate,Salaried,65643.11,8377.85,48,590,0,0.0892,14858.14,Business,Yes,Rejected
APP-11593,60,Male,Graduate,Salaried,50379.58,26292.82,120,563,2,0.3596,42479.08,Business,Yes,Rejected
APP-11594,34,Male,Graduate,Self-Employed,47216.08,8800.37,240,698,0,0.3044,12204.29,Business,Yes,Approved
APP-11595,62,Female,Graduate,Salaried,26804.97,12154.01,180,619,0,0.3226,20828.93,Business,No,Approved
APP-11596,60,Female,Graduate,Salaried,35011.48,26827.24,48,737,0,0.4221,0.0,Education,No,Approved
APP-11597,51,Female,Graduate,Salaried,234627.62,100000.0,48,630,1,0.4191,0.0,Personal,No,Approved
APP-11598,26,Male,Graduate,Self-Employed,65943.33,35096.33,60,609,0,0.2854,0.0,Vehicle,Yes,Rejected
APP-11599,43,Male,Not Graduate,Salaried,82975.16,41683.7,60,498,2,0.5677,0.0,Vehicle,No,Approved
APP-11600,19,Male,Not Graduate,Self-Employed,41111.85,9278.02,12,779,0,0.4409,21492.4,Home,No,Rejected
APP-11601,70,Male,Graduate,Salaried,31958.56,12874.62,240,735,0,0.5839,26003.26,Business,No,Approved
APP-11602,26,Male,Not Graduate,Self-Employed,72274.0,24556.14,60,560,0,0.5979,48786.75,Home,Yes,Rejected
APP-11603,26,Male,Graduate,Salaried,20000.0,15343.04,36,520,4,0.1504,19244.09,Home,No,Approved
APP-11604,57,Female,Not Graduate,Salaried,35406.0,9546.26,36,632,2,0.4583,0.0,Education,No,Rejected
APP-11605,34,Female,Graduate,Salaried,41056.82,17656.96,48,755,1,0.2405,33642.98,Business,No,Approved
APP-11606,18,Male,Graduate,Salaried,78628.9,59494.99,180,637,1,0.5519,0.0,Education,Yes,Rejected
APP-11607,42,Male,Graduate,Self-Employed,60286.07,39332.23,60,663,1,0.4897,0.0,Personal,No,Approved
APP-11608,60,Male,Graduate,Salaried,38698.0,29997.38,12,759,0,0.1692,0.0,Vehicle,No,Approved
APP-11609,44,Female,Graduate,Self-Employed,58952.45,30999.04,60,600,1,0.6132,46891.25,Home,No,Rejected
APP-11610,59,Female,Graduate,Salaried,42126.15,14055.42,60,625,2,0.4601,0.0,Education,No,Rejected
APP-11611,42,Male,Not Graduate,Salaried,83702.06,56804.81,120,697,1,0.6192,70022.41,Business,No,Rejected
APP-11612,56,Male,Not Graduate,Salaried,55164.69,16771.14,180,657,2,0.1711,0.0,Vehicle,No,Rejected
APP-11613,44,Male,Graduate,Salaried,116800.36,25151.9,60,677,1,0.5718,0.0,Education,No,Rejected
APP-11614,44,Female,Graduate,Self-Employed,42663.66,25359.37,24,736,1,0.4508,50470.61,Home,No,Approved
APP-11615,67,Female,,Salaried,90463.13,49507.66,24,677,1,0.3814,94922.61,Business,No,Approved
APP-11616,54,Female,Graduate,Self-Employed,51287.74,36684.29,48,746,0,0.542,51665.48,Business,No,Approved
APP-11617,61,Female,Graduate,Self-Employed,34592.02,26751.65,12,667,2,0.4297,0.0,Personal,No,Approved
APP-11618,61,Female,,Salaried,180013.52,100000.0,180,539,0,0.452,146825.17,Home,No,Rejected
APP-11619,68,Female,Not Graduate,Salaried,94358.29,13400.32,12,680,0,0.2022,0.0,Vehicle,No,Approved
APP-11620,47,Female,Graduate,Self-Employed,55114.14,31148.27,36,586,0,0.5402,67971.81,Business,No,Approved
APP-11621,55,Female,Not Graduate,Salaried,71897.6,46684.02,180,517,0,0.4402,0.0,Education,No,Approved
APP-11622,51,Male,Not Graduate,Salaried,28537.97,22469.37,120,658,1,0.5566,0.0,Vehicle,Yes,Rejected
APP-11623,29,Male,Graduate,Salaried,29044.79,10521.85,180,688,1,0.2609,0.0,Personal,No,Approved
APP-11624,36,Female,Graduate,Salaried,85566.16,18731.9,60,807,0,0.249,0.0,Business,No,Approved
APP-11625,54,Female,Graduate,Self-Employed,49138.53,34252.17,240,583,0,0.0643,75700.95,Home,Yes,Rejected
APP-11626,61,Male,Graduate,Salaried,45346.63,14611.9,120,677,0,0.5112,0.0,Business,Yes,Rejected
APP-11627,66,Male,Graduate,Self-Employed,42447.83,22019.44,48,552,0,0.2482,39421.81,Home,No,Approved
APP-11628,34,Male,Graduate,Salaried,52893.39,19725.34,12,781,2,0.2463,0.0,Education,Yes,Rejected
APP-11629,27,Female,Not Graduate,Salaried,43169.0,16474.47,24,623,1,0.4632,21558.55,Business,No,Approved
APP-11630,66,Male,Graduate,Salaried,20000.0,12254.5,120,653,0,0.2017,14433.71,Business,No,Approved
APP-11631,64,Female,Graduate,Salaried,99502.46,35127.61,48,654,3,0.5954,0.0,Vehicle,Yes,Approved
APP-11632,29,Male,Graduate,Salaried,46384.46,27141.99,36,740,4,0.3728,40171.68,Business,Yes,Approved
APP-11633,33,Female,Graduate,Self-Employed,122487.51,13477.29,180,563,2,0.6317,28621.18,Business,Yes,Rejected
APP-11634,41,Female,Not Graduate,Self-Employed,49143.55,6646.73,180,665,1,0.096,12902.26,Business,Yes,Rejected
APP-11635,36,Female,Graduate,Salaried,49143.55,6554.2,24,628,3,0.2521,0.0,Education,No,Approved
APP-11636,25,Female,Graduate,Salaried,42714.48,26661.72,240,850,1,0.2789,0.0,Education,Yes,Rejected
APP-11637,48,Male,Graduate,Salaried,79918.58,25589.13,12,593,2,0.4883,53874.06,Home,No,Rejected
APP-11638,38,Female,Graduate,Salaried,26640.0,14474.25,180,473,1,0.1778,0.0,Personal,No,Rejected
APP-11639,34,Female,Graduate,Self-Employed,49143.55,15205.61,12,815,1,0.2752,0.0,Personal,No,Approved
APP-11640,40,Male,Graduate,Self-Employed,59040.34,33115.6,36,719,0,0.5964,0.0,Vehicle,No,Approved
APP-11641,44,Female,Graduate,Salaried,41921.88,21896.03,36,617,0,0.1187,38546.8,Business,No,Rejected
APP-11642,33,Female,Graduate,Self-Employed,64346.64,25065.06,24,677,3,0.497,54055.01,Business,No,Approved
APP-11643,23,Male,Not Graduate,Salaried,42299.27,15283.3,60,615,3,0.4715,27099.25,Business,Yes,Rejected
APP-11644,25,Male,Graduate,Self-Employed,59430.84,29430.68,48,523,0,0.1283,35835.4,Home,Yes,Rejected
APP-11645,42,Female,Not Graduate,Salaried,97058.25,14033.86,120,666,2,0.4631,0.0,Education,No,Approved
APP-11646,35,Female,Not Graduate,Salaried,26668.19,19016.39,24,666,1,0.3919,0.0,Home,No,Approved
APP-11647,42,Male,Graduate,Salaried,88644.88,60076.46,48,707,2,0.2225,72800.75,Home,No,Approved
APP-11648,29,Male,Graduate,Salaried,20908.82,7160.63,180,602,1,0.2367,16212.41,Business,No,Rejected
APP-11649,32,Male,Not Graduate,Self-Employed,66481.0,33025.89,12,618,0,0.5498,0.0,Personal,No,Rejected
APP-11650,43,Female,Graduate,Self-Employed,99671.45,75008.69,36,649,0,0.1886,148627.77,Business,No,Rejected
APP-11651,58,Male,Graduate,Salaried,37720.76,10944.52,12,601,0,0.3577,0.0,Personal,Yes,Rejected
APP-11652,62,Female,Not Graduate,Self-Employed,67661.83,41931.3,24,770,0,0.4587,0.0,Personal,No,Rejected
APP-11653,43,Male,Graduate,Salaried,38425.0,6067.72,360,747,1,0.1279,13106.55,Business,No,Approved
APP-11654,64,Female,Graduate,Self-Employed,65689.25,30634.87,60,638,1,0.6094,0.0,Vehicle,No,Rejected
APP-11655,49,Male,Not Graduate,Salaried,20000.0,14375.57,48,722,0,0.2064,0.0,Education,No,Approved
APP-11656,27,Male,Not Graduate,Salaried,53160.89,25846.64,48,580,3,0.2413,0.0,Vehicle,Yes,Approved
APP-11657,33,Male,Graduate,Salaried,59736.32,31742.51,240,643,2,0.4497,0.0,Personal,Yes,Approved
APP-11658,24,Male,Graduate,Salaried,96022.8,70610.13,36,797,1,0.0969,141456.16,Home,No,Approved
APP-11659,34,Female,Not Graduate,Salaried,77856.9,46772.72,48,731,1,0.427,116243.32,Business,No,Approved
APP-11660,40,Male,Graduate,Salaried,45223.94,26551.37,24,703,1,0.5996,0.0,Education,No,Rejected
APP-11661,43,Female,Graduate,Salaried,56051.85,28612.72,120,651,4,0.1995,0.0,Home,Yes,Rejected
APP-11662,38,Female,Graduate,Salaried,23788.13,12919.14,360,676,2,0.2671,0.0,Education,No,Approved
APP-11663,39,Female,Graduate,Self-Employed,111528.73,73898.24,48,562,1,0.1894,0.0,Vehicle,No,Approved
APP-11664,24,Female,Graduate,Self-Employed,69257.01,54398.83,120,654,2,0.5413,71263.96,Home,No,Rejected
APP-11665,44,Female,Graduate,Salaried,20000.0,13134.55,48,710,1,0.1506,0.0,Personal,No,Approved
APP-11666,32,Female,Graduate,Salaried,55436.5,33000.01,24,677,1,0.258,0.0,Home,Yes,Approved
APP-11667,70,Male,Graduate,Self-Employed,57593.8,11223.96,120,677,1,0.4106,14576.81,Home,No,Approved
APP-11668,24,Female,Graduate,Salaried,33290.52,22369.77,180,677,2,0.2927,0.0,Home,No,Approved
APP-11669,26,Male,Graduate,Salaried,51453.45,31653.96,48,607,3,0.0893,0.0,Personal,No,Rejected
APP-11670,68,Female,Graduate,Salaried,31658.44,20239.32,180,600,0,0.6186,0.0,Personal,No,Approved
APP-11671,65,Female,Not Graduate,Salaried,24287.11,6357.58,240,659,0,0.2527,11157.35,Home,Yes,Approved
APP-11672,25,Male,Graduate,Salaried,36073.96,26420.95,36,738,1,0.3174,0.0,Vehicle,No,Approved
APP-11673,67,Male,Graduate,Salaried,53412.24,8978.44,24,611,3,0.15,17954.42,Business,No,Approved
APP-11674,40,Female,Graduate,Salaried,77976.74,21640.76,60,683,0,0.5692,0.0,Vehicle,No,Rejected
APP-11675,46,Female,Graduate,Self-Employed,50762.3,28635.85,24,681,1,0.2249,32563.68,Business,No,Rejected
APP-11676,35,Male,Graduate,Salaried,78358.18,44789.55,60,754,1,0.0619,80600.55,Business,Yes,Approved
APP-11677,44,Female,Graduate,Self-Employed,67802.31,21651.12,120,681,4,0.2398,0.0,Personal,No,Approved
APP-11678,47,Female,Not Graduate,Salaried,29211.01,17265.57,240,560,0,0.6404,0.0,Personal,No,Rejected
APP-11679,69,Male,Not Graduate,Salaried,67545.15,25096.49,120,849,0,0.1381,0.0,Vehicle,Yes,Rejected
APP-11680,56,Female,Graduate,Salaried,68485.11,6856.93,48,757,0,0.0687,0.0,Vehicle,No,Approved
APP-11681,52,Female,,Salaried,117113.7,25041.75,36,718,2,0.3969,0.0,Vehicle,No,Rejected
APP-11682,35,Male,,Salaried,60194.0,43209.19,24,633,5,0.273,52561.32,Home,No,Approved
APP-11683,59,Female,Not Graduate,Salaried,26440.78,6765.82,12,654,2,0.527,0.0,Vehicle,No,Approved
APP-11684,56,Female,Graduate,Salaried,37158.94,6652.83,24,566,0,0.489,9565.79,Business,No,Rejected
APP-11685,34,Male,Not Graduate,Self-Employed,20000.0,11550.81,24,653,1,0.161,0.0,Education,No,Rejected
APP-11686,31,Male,Not Graduate,Self-Employed,63274.57,25847.31,60,694,2,0.3888,0.0,Personal,Yes,Approved
APP-11687,48,Male,Graduate,Salaried,112081.75,73706.49,360,677,0,0.0695,0.0,Personal,Yes,Approved
APP-11688,41,Female,Graduate,Self-Employed,20000.0,14060.23,12,820,1,0.3137,0.0,Home,No,Approved
APP-11689,52,Female,Graduate,Salaried,114475.39,79238.97,48,733,0,0.4784,0.0,Education,Yes,Rejected
APP-11690,61,Female,Graduate,Salaried,49143.55,20058.1,180,757,1,0.299,42068.99,Business,No,Approved
APP-11691,62,Female,Graduate,Salaried,28615.65,12988.13,36,723,1,0.1208,0.0,Personal,Yes,Approved
APP-11692,51,Female,Graduate,Salaried,55734.0,30937.95,240,693,3,0.0869,0.0,Education,Yes,Approved
APP-11693,20,Male,Not Graduate,Salaried,29080.88,9462.57,36,716,1,0.5622,0.0,Vehicle,Yes,Rejected
APP-11694,54,Male,Graduate,Self-Employed,61096.5,7867.37,240,521,1,0.5848,0.0,Personal,No,Rejected
APP-11695,60,Male,Not Graduate,Salaried,50598.67,22615.84,24,659,1,0.2559,0.0,Vehicle,No,Approved
APP-11696,57,Male,Graduate,Salaried,57795.82,6298.17,60,568,1,0.1485,0.0,Personal,No,Rejected
APP-11697,44,Female,Graduate,Self-Employed,49143.55,23700.27,48,585,0,0.6372,50586.12,Business,No,Approved
APP-11698,40,Male,Not Graduate,Salaried,33300.9,21901.29,360,775,4,0.3775,46466.33,Home,No,Approved
APP-11699,61,Male,Graduate,Salaried,63001.3,14767.94,36,593,1,0.336,17591.64,Home,No,Rejected
APP-11700,56,Female,Graduate,Salaried,38125.0,11487.2,60,574,0,0.495,0.0,Vehicle,No,Rejected
APP-11701,32,Female,Graduate,Salaried,52812.8,41615.8,360,711,0,0.1513,91615.87,Home,No,Rejected
APP-11702,44,Male,Graduate,Salaried,61481.51,22224.58,120,674,1,0.398,0.0,Vehicle,No,Approved
APP-11703,21,Male,Graduate,Salaried,43862.81,28449.67,24,715,1,0.5841,48509.24,Home,No,Approved
APP-11704,46,Male,Not Graduate,Salaried,87338.84,36050.93,12,820,0,0.0638,0.0,Personal,Yes,Approved
APP-11705,39,Male,Graduate,Self-Employed,44677.48,31491.69,12,725,1,0.4538,55596.48,Home,No,Approved
APP-11706,42,Female,Not Graduate,Self-Employed,44011.76,26082.58,180,555,2,0.381,44016.09,Business,No,Approved
APP-11707,30,Male,Graduate,Salaried,35744.35,5000.0,24,754,2,0.6205,0.0,Vehicle,No,Approved
APP-11708,35,Male,Not Graduate,Salaried,82453.6,25236.81,180,662,2,0.2052,0.0,Personal,Yes,Rejected
APP-11709,50,Female,Graduate,Salaried,34420.1,16886.32,12,693,0,0.5653,38835.69,Business,No,Approved
APP-11710,33,Male,Graduate,Self-Employed,91788.76,68687.53,48,547,1,0.2354,0.0,Personal,No,Rejected
APP-11711,62,Male,Graduate,Salaried,53186.31,9117.25,48,720,1,0.308,18708.22,Business,Yes,Approved
APP-11712,44,Male,Graduate,Salaried,187408.76,97605.06,60,575,1,0.178,175692.64,Home,No,Rejected
APP-11713,61,Male,Not Graduate,Self-Employed,35234.11,10976.26,12,677,0,0.5682,24894.18,Business,Yes,Approved
APP-11714,19,Male,Graduate,Self-Employed,92743.88,67010.18,180,622,1,0.1672,0.0,Vehicle,No,Approved
APP-11715,52,Male,Graduate,Salaried,63267.12,40213.77,24,737,4,0.5654,89576.53,Business,No,Approved
APP-11716,59,Female,Graduate,Salaried,37915.79,13603.88,24,576,0,0.3234,0.0,Vehicle,No,Rejected
APP-11717,51,Male,Not Graduate,Salaried,63693.63,13819.75,240,555,2,0.5511,0.0,Education,No,Rejected
APP-11718,47,Male,Graduate,Salaried,62160.62,6716.37,360,677,0,0.2087,7435.44,Home,No,Approved
APP-11719,30,Male,Not Graduate,Salaried,41524.16,22206.88,120,701,1,0.1296,39315.77,Home,No,Approved
APP-11720,30,Male,Graduate,Self-Employed,60726.8,23336.5,12,588,0,0.383,0.0,Personal,No,Rejected
APP-11721,35,Male,Graduate,Salaried,87703.83,28094.13,12,696,1,0.3557,0.0,Vehicle,No,Rejected
APP-11722,49,Male,Graduate,Salaried,63302.31,49999.43,180,749,0,0.264,57956.57,Home,No,Rejected
APP-11723,49,Female,Graduate,Salaried,39751.68,16946.12,240,574,2,0.4477,25928.6,Home,No,Rejected
APP-11724,52,Male,Not Graduate,Salaried,38647.94,24150.61,36,696,1,0.1071,0.0,Education,No,Approved
APP-11725,56,Female,Graduate,Salaried,46924.49,10519.94,360,723,1,0.4232,0.0,Personal,Yes,Rejected
APP-11726,63,Male,Graduate,Self-Employed,85496.52,9354.92,48,664,0,0.1771,20818.18,Home,No,Approved
APP-11727,69,Male,Graduate,Salaried,33628.0,13191.94,48,673,3,0.1274,31946.57,Business,No,Approved
APP-11728,46,Female,Not Graduate,Salaried,59639.03,33753.63,36,677,1,0.5958,48567.87,Home,No,Rejected
APP-11729,66,Male,Graduate,Salaried,22443.72,10203.34,240,677,3,0.3259,0.0,Education,No,Approved
APP-11730,46,Male,Graduate,Salaried,65993.12,47734.56,360,684,2,0.5081,53939.82,Home,No,Rejected
APP-11731,70,Female,Graduate,Salaried,71388.03,28825.45,12,692,3,0.1035,47944.53,Home,Yes,Approved
APP-11732,61,Female,Graduate,Self-Employed,135105.43,42923.26,24,845,0,0.0845,0.0,Vehicle,Yes,Approved
APP-11733,33,Female,Not Graduate,Salaried,77858.0,57711.27,12,663,2,0.347,90558.58,Business,No,Approved
APP-11734,61,Male,Graduate,Self-Employed,40110.75,15433.08,48,705,1,0.2393,0.0,Vehicle,No,Rejected
APP-11735,64,Male,Graduate,Salaried,22758.87,6571.7,180,783,4,0.053,13457.22,Home,No,Approved
APP-11736,27,Female,Graduate,Salaried,63392.34,10672.91,180,676,1,0.16,19137.39,Business,No,Approved
APP-11737,47,Male,Graduate,Self-Employed,41622.2,27275.73,120,622,0,0.1813,45233.69,Home,Yes,Rejected
APP-11738,42,Male,Graduate,Salaried,57933.51,39253.66,60,711,0,0.2231,55794.28,Business,Yes,Approved
APP-11739,56,Male,Graduate,Salaried,34197.49,5000.0,48,625,1,0.5765,11299.36,Home,No,Approved
APP-11740,37,Male,Graduate,Salaried,44954.31,15781.3,240,775,3,0.3024,22847.3,Home,No,Rejected
APP-11741,22,Female,Graduate,Salaried,49143.55,13093.43,180,721,5,0.4577,0.0,Education,Yes,Rejected
APP-11742,18,Male,Not Graduate,Self-Employed,29053.58,22152.4,12,611,2,0.061,0.0,Education,No,Approved
APP-11743,47,Female,Graduate,Self-Employed,27074.97,9868.09,120,580,1,0.5384,11611.08,Business,No,Rejected
APP-11744,44,Male,Graduate,Self-Employed,75841.05,53880.32,24,677,2,0.1942,101858.3,Business,No,Approved
APP-11745,20,Female,Graduate,Salaried,32415.0,12175.11,48,700,3,0.2354,18801.88,Business,Yes,Approved
APP-11746,62,Male,Graduate,Salaried,97632.0,22030.39,60,677,4,0.077,46206.74,Home,Yes,Rejected
APP-11747,31,Male,Graduate,Self-Employed,32574.27,5000.0,240,742,2,0.2958,0.0,Education,No,Approved
APP-11748,47,Male,Graduate,Self-Employed,139800.13,46291.56,120,733,1,0.5615,56161.86,Home,No,Approved
APP-11749,67,Male,Not Graduate,Salaried,20000.0,7298.65,24,707,0,0.2772,17902.35,Home,No,Approved
APP-11750,21,Female,Graduate,Salaried,60606.1,46156.53,60,740,1,0.5952,62846.79,Home,No,Approved
APP-11751,35,Male,Not Graduate,Self-Employed,49976.04,12206.61,60,600,3,0.5705,19529.11,Home,No,Rejected
APP-11752,54,Female,Graduate,Salaried,26749.72,9832.17,120,677,4,0.0872,0.0,Education,No,Approved
APP-11753,42,Male,Graduate,Salaried,37217.49,5000.0,12,677,1,0.2332,8866.68,Business,No,Approved
APP-11754,65,Male,Graduate,Self-Employed,43017.37,27293.57,240,629,2,0.5963,64035.21,Business,No,Rejected
APP-11755,18,Male,Graduate,Salaried,55542.46,41134.68,36,720,0,0.0679,0.0,Vehicle,Yes,Approved
APP-11756,70,Female,Graduate,Salaried,30693.05,8178.91,60,744,0,0.5095,0.0,Personal,No,Approved
APP-11757,63,Female,Graduate,Self-Employed,60636.98,24272.78,180,623,1,0.5939,0.0,Education,Yes,Rejected
APP-11758,32,Female,Not Graduate,Salaried,52044.89,9653.23,36,610,2,0.5123,0.0,Education,No,Approved
APP-11759,26,Male,Not Graduate,Self-Employed,72373.27,30381.2,120,748,1,0.4963,0.0,Personal,No,Approved
APP-11760,32,Female,Graduate,Salaried,31850.84,6158.03,60,601,2,0.556,0.0,Vehicle,No,Rejected
APP-11761,44,Male,Graduate,Salaried,39947.98,18629.5,180,657,0,0.4495,0.0,Vehicle,No,Approved
APP-11762,41,Female,Graduate,Salaried,100817.0,61925.18,36,599,0,0.3039,130758.56,Business,No,Rejected
APP-11763,21,Female,,Self-Employed,31162.81,15186.88,24,632,3,0.0877,0.0,Education,Yes,Rejected
APP-11764,29,Female,Graduate,Salaried,24434.75,6637.79,48,559,2,0.5228,11377.56,Business,No,Rejected
APP-11765,44,Male,Not Graduate,Salaried,49143.55,12431.44,36,782,1,0.5932,0.0,Vehicle,No,Approved
APP-11766,54,Male,Not Graduate,Salaried,20171.48,11033.82,48,760,2,0.357,0.0,Education,Yes,Approved
APP-11767,60,Female,Graduate,Salaried,113147.41,58025.25,180,615,0,0.3695,0.0,Vehicle,No,Approved
APP-11768,23,Male,Graduate,Salaried,42557.8,8330.36,60,717,4,0.292,0.0,Personal,No,Approved
APP-11769,56,Female,Graduate,Salaried,49143.55,29569.66,48,565,2,0.5641,55001.83,Home,No,Approved
APP-11770,63,Male,Graduate,Salaried,49143.55,30742.35,120,729,0,0.0589,0.0,Education,Yes,Approved
APP-11771,41,Male,Graduate,Salaried,34105.76,7286.98,180,609,2,0.4247,0.0,Home,No,Approved
APP-11772,28,Female,Graduate,Self-Employed,44003.96,8183.79,60,777,3,0.5944,0.0,Education,No,Approved
APP-11773,30,Female,Graduate,Self-Employed,33658.74,26115.35,180,720,1,0.1119,0.0,Personal,No,Approved
APP-11774,51,Female,Graduate,Salaried,20383.57,6055.44,36,650,3,0.6255,0.0,Vehicle,No,Rejected
APP-11775,44,Male,Graduate,Salaried,50280.82,37007.46,180,647,2,0.6306,0.0,Education,No,Rejected
APP-11776,24,Female,Graduate,Self-Employed,81868.02,31716.47,36,691,0,0.6079,55195.18,Business,No,Approved
APP-11777,69,Male,Not Graduate,Self-Employed,51003.39,18878.65,120,606,0,0.328,0.0,Vehicle,No,Approved
APP-11778,21,Female,Graduate,Salaried,77644.47,45860.73,240,769,2,0.28,99598.81,Home,No,Rejected
APP-11779,25,Male,Graduate,Self-Employed,28342.11,5000.0,120,704,0,0.4736,8146.4,Home,No,Rejected
APP-11780,37,Female,Graduate,Salaried,33623.5,11319.78,36,757,1,0.2412,28096.17,Business,No,Approved
APP-11781,46,Male,Not Graduate,Salaried,25664.18,8003.43,60,484,1,0.091,0.0,Personal,No,Approved
APP-11782,70,Female,Not Graduate,Salaried,58881.3,41668.45,360,681,2,0.5909,101124.97,Home,No,Approved
APP-11783,68,Male,Graduate,Self-Employed,49143.55,19672.86,240,699,0,0.4309,0.0,Vehicle,Yes,Approved
APP-11784,62,Male,,Salaried,49143.55,14579.82,120,679,3,0.1743,0.0,Education,No,Approved
APP-11785,63,Female,Graduate,Self-Employed,68493.43,19606.62,360,677,3,0.061,40984.36,Home,No,Approved
APP-11786,27,Male,Graduate,Salaried,38696.66,19865.2,24,677,1,0.4841,0.0,Vehicle,Yes,Rejected
APP-11787,60,Female,Graduate,Salaried,84106.22,17340.28,360,850,2,0.5617,0.0,Education,No,Approved
APP-11788,51,Male,Graduate,Salaried,55150.92,15019.99,120,699,3,0.2934,0.0,Home,No,Approved
APP-11789,43,Male,Not Graduate,Self-Employed,40819.94,12471.66,360,689,2,0.0985,0.0,Personal,No,Rejected
APP-11790,58,Female,Not Graduate,Salaried,22565.97,11859.24,48,677,1,0.4392,27699.11,Home,Yes,Rejected
APP-11791,66,Female,Not Graduate,Salaried,68298.09,24674.63,60,635,0,0.2282,0.0,Education,Yes,Approved
APP-11792,20,Female,Not Graduate,Salaried,56470.17,25640.19,24,576,2,0.1364,0.0,Personal,No,Approved
APP-11793,23,Female,Graduate,Self-Employed,57845.69,32122.1,36,752,0,0.3562,0.0,Education,No,Rejected
APP-11794,22,Male,Graduate,Salaried,58775.58,45221.35,12,653,0,0.3391,0.0,Education,Yes,Approved
APP-11795,22,Female,Graduate,Salaried,37626.24,23907.19,48,788,2,0.3601,39457.52,Home,No,Approved
APP-11796,64,Male,Graduate,Salaried,45447.49,17437.28,24,783,2,0.5444,0.0,Education,No,Approved
APP-11797,40,Male,Graduate,Self-Employed,49143.55,24313.51,24,677,1,0.3407,0.0,Education,No,Rejected
APP-11798,66,Female,Graduate,Self-Employed,91585.87,70043.58,12,685,2,0.5903,134067.5,Business,No,Approved
APP-11799,26,Male,Graduate,Self-Employed,42720.74,19205.81,24,766,1,0.5551,28457.58,Business,Yes,Rejected
APP-11800,52,Female,Graduate,Salaried,35967.82,13932.06,48,539,1,0.441,32599.56,Business,No,Rejected
APP-11801,37,Female,Graduate,Salaried,94786.48,14655.23,120,709,2,0.0841,25784.93,Home,No,Approved
APP-11802,66,Male,Graduate,Self-Employed,89768.0,65051.33,180,732,4,0.569,0.0,Personal,No,Rejected
APP-11803,59,Female,Graduate,Salaried,55170.69,15034.23,180,675,0,0.5933,0.0,Personal,No,Approved
APP-11804,44,Male,Graduate,Salaried,45938.82,6650.59,180,676,0,0.275,12307.59,Home,No,Approved
APP-11805,44,Male,Graduate,Salaried,40547.0,19302.25,48,775,1,0.3657,44595.81,Home,No,Approved
APP-11806,35,Male,Not Graduate,Self-Employed,47954.74,33190.9,60,560,1,0.2186,0.0,Education,Yes,Rejected
APP-11807,34,Female,Not Graduate,Salaried,31654.77,12175.83,36,746,1,0.0588,26983.95,Business,No,Approved
APP-11808,41,Female,Not Graduate,Salaried,62422.65,40459.07,12,716,1,0.3377,0.0,Education,No,Rejected
APP-11809,20,Female,Graduate,Self-Employed,111999.7,76773.24,240,784,2,0.1276,0.0,Personal,No,Approved
APP-11810,49,Female,Graduate,Salaried,64945.9,27152.74,180,604,4,0.16,42098.71,Home,No,Rejected
APP-11811,52,Female,Not Graduate,Salaried,28236.81,14504.36,360,798,1,0.3384,0.0,Vehicle,No,Rejected
APP-11812,55,Male,Graduate,Self-Employed,61546.63,29157.01,48,568,1,0.5702,0.0,Education,No,Rejected
APP-11813,30,Male,Not Graduate,Self-Employed,54028.63,40923.29,60,653,1,0.5568,50024.57,Home,No,Rejected
APP-11814,64,Male,Not Graduate,Self-Employed,61276.24,37247.01,60,586,0,0.629,0.0,Vehicle,No,Rejected
APP-11815,42,Male,Graduate,Self-Employed,49143.55,24331.22,180,737,3,0.3396,0.0,Education,No,Approved
APP-11816,26,Female,Not Graduate,Salaried,49103.16,12472.55,360,619,1,0.3812,16550.21,Home,No,Approved
APP-11817,21,Male,,Self-Employed,76232.98,24178.49,240,677,1,0.543,38074.69,Business,No,Approved
APP-11818,31,Male,Graduate,Salaried,28710.0,5000.0,180,544,4,0.4698,0.0,Personal,No,Approved
APP-11819,54,Male,Graduate,Self-Employed,39161.07,17619.96,12,644,2,0.1597,26912.85,Home,No,Approved
APP-11820,51,Female,Graduate,Self-Employed,42449.62,30213.37,120,822,0,0.2889,34855.19,Home,No,Approved
APP-11821,28,Female,,Salaried,80755.68,26551.88,360,619,2,0.6075,0.0,Personal,Yes,Rejected
APP-11822,58,Female,Graduate,Self-Employed,87007.5,16513.8,180,764,0,0.1377,28154.23,Home,No,Approved
APP-11823,20,Female,Graduate,Self-Employed,20000.0,5000.0,12,735,0,0.1756,0.0,Education,Yes,Rejected
APP-11824,45,Male,Graduate,Salaried,80721.03,33357.98,360,677,1,0.2904,0.0,Education,No,Approved
APP-11825,46,Female,Graduate,Self-Employed,49143.55,18986.82,36,696,0,0.6139,0.0,Education,No,Approved
APP-11826,26,Male,Graduate,Salaried,49143.55,29295.72,360,802,0,0.1183,0.0,Education,Yes,Approved
APP-11827,20,Female,Graduate,Salaried,37616.06,25352.69,48,647,0,0.4538,0.0,Vehicle,No,Approved
APP-11828,42,Female,Graduate,Salaried,43699.81,16117.94,360,677,2,0.1293,20118.26,Home,No,Approved
APP-11829,51,Female,Graduate,Salaried,22388.0,11796.56,240,706,0,0.3647,16624.25,Business,Yes,Approved
APP-11830,29,Female,Graduate,Self-Employed,20000.0,9030.24,180,662,2,0.3719,19888.89,Home,No,Approved
APP-11831,59,Male,Graduate,Self-Employed,40914.62,24670.42,48,560,0,0.076,44229.9,Business,No,Rejected
APP-11832,26,Female,Not Graduate,Salaried,50931.37,10660.72,360,677,3,0.6225,17293.12,Home,No,Approved
APP-11833,32,Female,Graduate,Salaried,53550.73,39858.28,48,641,4,0.534,54191.69,Home,No,Rejected
APP-11834,57,Male,Graduate,Salaried,49143.55,40689.26,12,669,1,0.2317,0.0,Education,No,Rejected
APP-11835,44,Female,Graduate,Self-Employed,226515.0,65614.15,120,487,3,0.1284,151751.89,Home,Yes,Rejected
APP-11836,22,Male,Graduate,Salaried,40215.38,7491.22,48,709,0,0.2574,0.0,Education,No,Approved
APP-11837,44,Male,Graduate,Self-Employed,28917.88,5922.61,36,549,0,0.5866,14007.95,Business,No,Approved
APP-11838,51,Female,Graduate,Self-Employed,64413.0,41730.72,60,739,0,0.1296,0.0,Education,Yes,Approved
APP-11839,44,Male,Graduate,Salaried,49143.55,28030.81,36,765,2,0.2596,51188.44,Home,No,Approved
APP-11840,32,Female,Graduate,Self-Employed,36781.1,13481.41,360,521,3,0.3466,32217.67,Home,No,Approved
APP-11841,55,Male,Graduate,Self-Employed,77298.21,25742.67,120,783,0,0.0697,45067.81,Business,No,Approved
APP-11842,25,Female,Graduate,Self-Employed,32664.12,22833.22,36,670,0,0.2108,0.0,Vehicle,Yes,Rejected
APP-11843,22,Male,Graduate,Salaried,49143.55,32745.08,60,766,2,0.4074,40935.92,Business,Yes,Rejected
APP-11844,65,Female,Graduate,Salaried,47313.04,23982.2,240,754,5,0.2444,0.0,Home,No,Approved
APP-11845,43,Male,Not Graduate,Self-Employed,30520.19,14258.45,240,564,0,0.5723,0.0,Home,Yes,Rejected
APP-11846,35,Female,Graduate,Salaried,20850.8,14001.6,120,611,1,0.6121,15735.77,Home,No,Approved
APP-11847,23,Female,Not Graduate,Salaried,54692.12,34157.12,60,809,1,0.315,43711.85,Home,No,Approved
APP-11848,54,Female,Graduate,Salaried,49143.55,36951.91,60,580,1,0.3692,0.0,Home,Yes,Approved
APP-11849,65,Female,Graduate,Salaried,79256.99,12516.03,12,708,2,0.4285,24678.09,Home,No,Approved
APP-11850,30,Male,Not Graduate,Salaried,81952.89,52281.85,24,619,0,0.4487,80998.56,Business,No,Rejected
APP-11851,45,Female,Graduate,Salaried,32876.89,7170.14,48,607,0,0.088,0.0,Personal,No,Approved
APP-11852,22,Female,Not Graduate,Salaried,54558.83,6081.34,120,678,0,0.0822,0.0,Education,No,Rejected
APP-11853,30,Male,Graduate,Salaried,24050.72,16602.5,180,850,1,0.5694,33331.72,Home,No,Approved
APP-11854,44,Male,Not Graduate,Salaried,53340.84,26925.27,12,741,1,0.1819,0.0,Vehicle,No,Approved
APP-11855,67,Male,Not Graduate,Self-Employed,98163.75,71086.87,240,595,0,0.4005,0.0,Education,No,Approved
APP-11856,57,Female,Graduate,Salaried,99699.76,43789.3,12,695,2,0.425,0.0,Personal,No,Rejected
APP-11857,62,Female,Not Graduate,Salaried,135296.55,100000.0,360,531,1,0.149,181116.66,Home,No,Approved
APP-11858,49,Male,Graduate,Salaried,80385.49,27956.48,48,499,1,0.507,43785.93,Business,No,Rejected
APP-11859,46,Female,Graduate,Salaried,62185.34,37756.79,180,693,0,0.5696,0.0,Vehicle,Yes,Rejected
APP-11860,68,Male,Graduate,Salaried,75914.39,23585.88,120,737,2,0.2212,33165.33,Home,Yes,Rejected
APP-11861,20,Female,Not Graduate,Salaried,68891.43,6945.26,360,804,1,0.5767,8427.8,Home,Yes,Rejected
APP-11862,57,Male,,Salaried,32740.66,11977.23,24,709,2,0.0986,26294.18,Home,No,Approved
APP-11863,51,Male,Graduate,Salaried,22978.98,14165.07,180,680,2,0.5303,31823.33,Business,No,Approved
APP-11864,57,Female,Not Graduate,Self-Employed,76220.01,15626.39,60,652,3,0.4341,0.0,Personal,No,Approved
APP-11865,44,Female,Not Graduate,Salaried,139619.22,63297.97,180,722,1,0.3999,117609.6,Home,No,Approved
APP-11866,30,Male,Graduate,Self-Employed,77806.92,19344.75,12,582,1,0.1881,25533.77,Home,No,Approved
APP-11867,62,Female,Graduate,Salaried,20000.0,5000.0,360,625,1,0.2671,7344.7,Business,No,Approved
APP-11868,50,Female,Graduate,Self-Employed,37810.76,20123.51,12,585,3,0.5962,49045.09,Business,No,Rejected
APP-11869,23,Female,Graduate,Salaried,44429.26,34049.58,60,677,1,0.3294,0.0,Vehicle,No,Rejected
APP-11870,41,Male,Not Graduate,Salaried,20000.0,6349.86,240,622,3,0.4066,0.0,Education,Yes,Approved
APP-11871,36,Male,Graduate,Salaried,24626.0,12471.81,12,616,1,0.6115,14710.83,Business,No,Rejected
APP-11872,33,Female,Graduate,Salaried,49143.55,36933.51,180,628,1,0.3299,69068.22,Home,No,Rejected
APP-11873,57,Male,Not Graduate,Salaried,55871.92,31027.82,24,696,1,0.283,45507.87,Home,No,Approved
APP-11874,45,Male,Not Graduate,Salaried,29941.27,17101.83,180,781,0,0.5859,0.0,Vehicle,No,Approved
APP-11875,50,Male,Graduate,Self-Employed,24065.39,5420.73,180,677,0,0.5965,13228.8,Home,No,Approved
APP-11876,65,Male,Graduate,Salaried,89023.26,39599.93,360,634,2,0.2628,0.0,Personal,No,Approved
APP-11877,58,Male,Graduate,Self-Employed,40486.97,14452.14,120,715,1,0.4052,0.0,Home,Yes,Approved
APP-11878,30,Male,Graduate,Salaried,43490.0,18686.48,48,688,1,0.628,35591.67,Home,No,Rejected
APP-11879,44,Male,Graduate,Self-Employed,37296.88,24637.52,180,693,4,0.0833,0.0,Home,No,Approved
APP-11880,44,Male,Graduate,Salaried,33336.64,14084.37,180,678,3,0.0739,34536.86,Home,Yes,Rejected
APP-11881,42,Male,Graduate,Salaried,94032.11,13540.2,48,818,3,0.3599,0.0,Vehicle,No,Approved
APP-11882,70,Female,Graduate,Salaried,31574.4,23171.79,24,687,2,0.2247,0.0,Education,No,Approved
APP-11883,44,Female,Not Graduate,Salaried,53629.0,25815.36,360,635,0,0.3991,56788.82,Home,No,Approved
APP-11884,53,Male,Graduate,Salaried,49235.0,36785.44,240,617,1,0.4846,0.0,Personal,No,Rejected
APP-11885,44,Male,Graduate,Salaried,20000.0,10012.96,60,752,2,0.0914,0.0,Personal,No,Approved
APP-11886,55,Male,Graduate,Self-Employed,55296.97,8225.17,60,585,1,0.5794,17374.18,Business,No,Rejected
APP-11887,24,Female,Graduate,Self-Employed,22652.27,11031.85,12,788,1,0.2161,24959.68,Business,No,Approved
APP-11888,22,Female,,Salaried,67355.0,33880.65,360,526,0,0.2788,0.0,Home,No,Rejected
APP-11889,60,Male,Not Graduate,Self-Employed,49143.55,6772.66,240,778,3,0.2522,13185.28,Business,No,Approved
APP-11890,62,Male,Graduate,Self-Employed,63640.75,27347.73,60,743,3,0.5539,0.0,Vehicle,No,Approved
APP-11891,68,Female,Graduate,Self-Employed,39547.08,16673.41,120,644,1,0.152,0.0,Education,No,Approved
APP-11892,48,Male,Graduate,Salaried,34990.7,18755.48,240,677,1,0.0672,0.0,Personal,Yes,Rejected
APP-11893,40,Male,Graduate,Salaried,54463.0,15343.95,120,778,2,0.6331,0.0,Personal,No,Approved
APP-11894,59,Female,Graduate,Salaried,23483.9,11911.6,48,823,2,0.6384,0.0,Personal,No,Approved
APP-11895,27,Female,Graduate,Salaried,47353.2,12722.22,36,677,1,0.2046,20984.67,Home,No,Rejected
APP-11896,49,Male,Graduate,Salaried,72484.0,29900.61,180,726,3,0.0556,0.0,Vehicle,Yes,Approved
APP-11897,60,Male,Graduate,Salaried,82561.79,15347.74,24,758,0,0.4376,0.0,Personal,No,Rejected
APP-11898,70,Female,Graduate,Salaried,49143.55,5000.0,180,728,1,0.4391,0.0,Vehicle,No,Approved
APP-11899,47,Male,Not Graduate,Salaried,41843.0,13574.25,12,684,0,0.614,23185.33,Business,No,Approved
APP-11900,44,Female,Graduate,Self-Employed,23249.73,6793.58,60,648,2,0.2291,11948.34,Home,No,Approved
APP-11901,48,Male,,Salaried,33679.46,12961.71,360,702,1,0.1637,0.0,Vehicle,No,Approved
APP-11902,35,Female,Graduate,Salaried,22470.19,17378.17,12,513,0,0.4198,22226.05,Home,No,Approved
APP-11903,53,Male,Graduate,Self-Employed,61085.93,28439.2,240,787,2,0.3882,0.0,Education,No,Approved
APP-11904,19,Female,Not Graduate,Salaried,74688.65,36390.08,360,543,1,0.4806,0.0,Education,No,Approved
APP-11905,31,Female,Not Graduate,Salaried,39061.0,29652.26,360,612,1,0.5811,0.0,Vehicle,No,Rejected
APP-11906,30,Female,Graduate,Self-Employed,28879.4,21509.46,240,653,2,0.3858,0.0,Education,No,Approved
APP-11907,46,Female,Graduate,Salaried,57187.8,41111.07,48,600,0,0.14,46570.79,Home,No,Approved
APP-11908,29,Male,Graduate,Salaried,31762.0,5354.91,180,589,0,0.4089,6926.47,Home,Yes,Rejected
APP-11909,56,Male,Not Graduate,Salaried,68594.62,37316.03,12,792,2,0.275,85841.72,Business,No,Rejected
APP-11910,19,Male,Graduate,Salaried,129019.02,85884.0,180,823,2,0.3216,185354.49,Business,Yes,Rejected
APP-11911,49,Male,Graduate,Salaried,31501.0,21575.3,120,803,1,0.6257,0.0,Vehicle,No,Approved
APP-11912,30,Female,Not Graduate,Salaried,33831.99,17069.42,60,746,1,0.383,0.0,Personal,No,Rejected
APP-11913,63,Male,Graduate,Salaried,23628.64,5000.0,12,850,0,0.1398,11092.25,Business,No,Approved
APP-11914,44,Female,Graduate,Salaried,52736.05,41218.45,240,658,2,0.3159,0.0,Vehicle,No,Approved
APP-11915,44,Male,Graduate,Self-Employed,50974.0,21946.03,12,651,0,0.1871,32630.0,Business,No,Rejected
APP-11916,58,Female,Graduate,Salaried,42818.28,16079.0,12,680,1,0.1313,0.0,Education,No,Approved
APP-11917,34,Male,Graduate,Self-Employed,49418.17,18604.17,36,794,0,0.4773,26613.99,Home,Yes,Rejected
APP-11918,57,Female,Graduate,Salaried,29090.37,11546.13,240,726,2,0.4271,13304.85,Business,No,Rejected
APP-11919,48,Male,Graduate,Self-Employed,21341.32,5752.05,240,818,4,0.3487,0.0,Personal,No,Approved
APP-11920,51,Female,Graduate,Salaried,33539.0,11038.82,180,685,0,0.3039,0.0,Home,Yes,Approved
APP-11921,41,Male,Not Graduate,Salaried,20000.0,15795.01,60,560,1,0.2433,0.0,Personal,No,Approved
APP-11922,62,Male,Graduate,Salaried,31499.78,11268.03,240,626,2,0.1028,0.0,Personal,No,Approved
APP-11923,52,Male,Graduate,Self-Employed,57231.73,26824.94,24,761,4,0.2296,47243.44,Home,No,Approved
APP-11924,65,Male,Not Graduate,Salaried,50505.25,35040.84,240,640,0,0.553,57304.82,Home,No,Rejected
APP-11925,23,Female,Not Graduate,Salaried,20193.35,9474.71,24,687,0,0.5202,0.0,Education,No,Approved
APP-11926,36,Male,Graduate,Salaried,82840.58,27098.59,60,699,0,0.6334,0.0,Vehicle,No,Approved
APP-11927,47,Female,,Self-Employed,44476.42,20753.84,48,824,0,0.4436,0.0,Education,No,Approved
APP-11928,24,Male,Graduate,Self-Employed,25600.0,5000.0,12,750,4,0.382,0.0,Personal,Yes,Approved
APP-11929,27,Female,Not Graduate,Salaried,40856.55,7803.8,60,734,0,0.2276,0.0,Vehicle,No,Approved
APP-11930,58,Male,Graduate,Self-Employed,36625.28,21457.85,180,692,1,0.0961,48714.48,Business,No,Rejected
APP-11931,49,Female,Graduate,Salaried,31765.33,23576.94,12,613,1,0.4208,48441.52,Home,No,Approved
APP-11932,51,Female,Not Graduate,Self-Employed,73592.0,44742.29,24,699,3,0.3429,58254.48,Home,Yes,Approved
APP-11933,45,Male,Graduate,Self-Employed,28193.24,5000.0,360,850,1,0.5054,0.0,Business,No,Approved
APP-11934,32,Male,Graduate,Salaried,53762.05,20538.55,60,721,0,0.2971,0.0,Personal,No,Approved
APP-11935,47,Male,Graduate,Salaried,25067.84,5000.0,180,635,3,0.6413,0.0,Education,No,Approved
APP-11936,54,Male,Graduate,Self-Employed,48124.75,22033.66,24,646,1,0.2886,54687.92,Business,No,Rejected
APP-11937,46,Male,Graduate,Salaried,55977.85,13168.41,180,793,0,0.25,0.0,Personal,No,Approved
APP-11938,39,Male,Not Graduate,Self-Employed,56031.49,39653.63,180,637,0,0.5726,86401.18,Home,Yes,Rejected
APP-11939,44,Female,Graduate,Salaried,51041.95,8832.02,180,663,0,0.2873,18620.84,Home,No,Approved
APP-11940,37,Female,Graduate,Salaried,43498.96,5000.0,60,588,1,0.5725,7016.31,Business,No,Rejected
APP-11941,49,Female,Not Graduate,Salaried,28794.88,11972.98,360,657,2,0.0664,28342.67,Business,No,Approved
APP-11942,53,Female,Graduate,Salaried,28961.54,6047.27,24,717,1,0.4656,0.0,Personal,Yes,Approved
APP-11943,67,Female,Graduate,Self-Employed,56920.7,35096.76,48,677,1,0.0931,61892.75,Home,No,Approved
APP-11944,21,Male,Graduate,Salaried,26089.69,19409.54,24,681,1,0.1389,0.0,Education,No,Approved
APP-11945,44,Male,Graduate,Self-Employed,23263.63,5000.0,240,587,2,0.47,0.0,Education,Yes,Rejected
APP-11946,34,Male,Graduate,Self-Employed,100196.14,37764.67,12,635,1,0.2238,57278.37,Business,Yes,Rejected
APP-11947,29,Female,Not Graduate,Self-Employed,43051.04,34344.85,360,850,1,0.1763,69265.56,Home,Yes,Approved
APP-11948,39,Female,Graduate,Salaried,67340.0,41270.59,60,669,1,0.5309,0.0,Vehicle,No,Approved
APP-11949,34,Male,Graduate,Self-Employed,75867.53,58207.95,36,709,2,0.6177,81284.65,Business,Yes,Rejected
APP-11950,27,Female,Graduate,Salaried,50290.0,10805.25,48,615,1,0.1894,0.0,Vehicle,No,Approved
APP-11951,18,Female,Graduate,Self-Employed,40604.0,10352.21,12,684,2,0.2403,0.0,Education,Yes,Rejected
APP-11952,39,Female,Graduate,Salaried,40950.01,8532.67,36,658,3,0.4784,20227.48,Business,No,Approved
APP-11953,43,Male,Not Graduate,Salaried,109536.74,34138.04,240,768,1,0.5392,0.0,Personal,No,Approved
APP-11954,35,Male,Graduate,Self-Employed,37071.0,22504.78,24,764,1,0.6495,51672.8,Home,No,Approved
APP-11955,67,Male,Not Graduate,Salaried,53541.69,11536.24,24,772,1,0.214,20198.52,Home,No,Approved
APP-11956,44,Male,Graduate,Salaried,68779.4,32117.49,360,686,0,0.384,43902.05,Business,No,Approved
APP-11957,64,Male,Graduate,Self-Employed,55567.56,16028.29,60,843,0,0.1304,0.0,Personal,No,Approved
APP-11958,46,Female,Not Graduate,Salaried,84304.61,57363.98,60,744,1,0.2485,0.0,Education,No,Approved
APP-11959,29,Male,Graduate,Salaried,40404.32,5000.0,12,565,0,0.077,8975.53,Business,No,Approved
APP-11960,53,Female,Graduate,Salaried,68643.04,17585.01,120,803,0,0.1765,23015.15,Home,No,Approved
APP-11961,52,Female,,Salaried,20000.0,10473.37,240,679,2,0.3539,15477.43,Home,No,Approved
APP-11962,69,Female,Graduate,Salaried,96130.1,16120.76,120,771,1,0.1483,28627.65,Home,No,Approved
APP-11963,29,Male,Graduate,Salaried,85954.64,36652.65,180,595,1,0.5836,0.0,Personal,No,Rejected
APP-11964,24,Female,Graduate,Self-Employed,42099.0,17064.76,48,674,1,0.4762,0.0,Personal,No,Approved
APP-11965,46,Female,Graduate,Salaried,61048.21,42536.32,24,739,0,0.0666,48048.84,Home,No,Approved
APP-11966,28,Male,,Salaried,76537.22,41160.04,12,699,0,0.576,89400.09,Home,No,Approved
APP-11967,50,Male,Graduate,Salaried,29176.64,15982.71,120,668,1,0.6364,21987.11,Home,Yes,Rejected
APP-11968,23,Female,Graduate,Salaried,45603.37,34944.28,360,483,1,0.3511,80835.06,Home,No,Rejected
APP-11969,64,Female,Not Graduate,Self-Employed,25517.63,20099.02,60,620,2,0.2388,0.0,Personal,No,Approved
APP-11970,32,Male,Not Graduate,Salaried,86613.26,48276.18,24,601,1,0.2081,0.0,Education,Yes,Rejected
APP-11971,49,Male,Not Graduate,Salaried,73967.44,34424.52,12,531,0,0.1025,38939.77,Home,No,Approved
APP-11972,68,Male,Graduate,Salaried,42596.42,22386.29,36,677,2,0.345,0.0,Education,No,Rejected
APP-11973,28,Female,Graduate,Salaried,49143.55,14780.8,48,828,3,0.0801,27270.34,Home,No,Approved
APP-11974,40,Male,Graduate,Self-Employed,45502.0,36002.44,180,772,1,0.3523,78748.55,Business,No,Approved
APP-11975,43,Female,Graduate,Salaried,31300.0,18576.98,360,613,0,0.2015,0.0,Vehicle,No,Approved
APP-11976,51,Male,Graduate,Salaried,44935.0,13647.09,240,632,1,0.3359,0.0,Personal,No,Approved
APP-11977,63,Male,Graduate,Salaried,29176.96,5000.0,360,633,0,0.301,7165.64,Home,No,Approved
APP-11978,51,Female,Graduate,Self-Employed,76815.79,10086.32,180,740,3,0.233,21086.2,Business,No,Approved
APP-11979,46,Female,Graduate,Self-Employed,86549.16,21069.45,240,677,0,0.3192,0.0,Vehicle,No,Rejected
APP-11980,21,Male,Not Graduate,Self-Employed,78636.91,20684.59,240,623,2,0.3344,43628.25,Home,Yes,Rejected
APP-11981,34,Female,Not Graduate,Salaried,26981.32,10537.06,12,677,2,0.5502,21000.16,Home,Yes,Rejected
APP-11982,52,Female,Graduate,Salaried,44168.83,11059.53,360,766,1,0.4495,0.0,Education,Yes,Rejected
APP-11983,30,Female,Graduate,Salaried,65667.84,35568.15,24,801,0,0.3099,0.0,Education,No,Approved
APP-11984,58,Female,Graduate,Self-Employed,71996.95,17846.48,180,608,5,0.5931,28732.01,Home,No,Approved
APP-11985,56,Male,Graduate,Self-Employed,20000.0,5000.0,60,670,0,0.5034,10995.45,Home,Yes,Rejected
APP-11986,32,Male,Graduate,Salaried,70986.0,30514.67,48,690,0,0.0954,60413.16,Home,No,Rejected
APP-11987,46,Female,Not Graduate,Salaried,26327.41,19010.18,12,664,2,0.1422,0.0,Education,Yes,Approved
APP-11988,46,Male,Not Graduate,Salaried,45388.67,19417.9,12,770,1,0.099,37409.43,Business,No,Approved
APP-11989,28,Female,Not Graduate,Salaried,91926.43,35823.19,36,667,0,0.2413,0.0,Vehicle,No,Approved
APP-11990,69,Male,,Salaried,85908.25,43355.01,12,832,1,0.311,97411.15,Business,No,Approved
APP-11991,49,Male,Not Graduate,Salaried,95136.0,26642.86,240,776,0,0.3525,0.0,Education,No,Approved
APP-11992,19,Female,Graduate,Salaried,28763.57,9992.62,36,625,1,0.5608,14414.29,Business,No,Rejected
APP-11993,64,Male,Not Graduate,Salaried,32544.21,8125.79,24,685,0,0.0608,0.0,Vehicle,No,Approved
APP-11994,31,Female,Graduate,Self-Employed,36997.27,18508.51,120,677,1,0.307,0.0,Personal,No,Rejected
APP-11995,37,Male,Graduate,Salaried,45559.74,26796.93,48,648,0,0.2966,0.0,Vehicle,No,Approved
APP-11996,39,Female,Graduate,Salaried,49143.55,31226.29,48,749,1,0.6185,44512.55,Business,Yes,Approved
APP-11997,28,Female,Graduate,Salaried,92839.5,25843.96,24,699,0,0.1946,0.0,Vehicle,No,Approved
APP-11998,44,Male,Graduate,Self-Employed,30813.06,19897.65,24,849,2,0.1234,32652.55,Business,No,Approved
APP-11999,20,Female,Graduate,Self-Employed,35795.35,9992.9,120,582,2,0.135,0.0,Education,No,Approved
APP-12000,34,Female,,Salaried,99889.57,20499.15,60,677,2,0.3621,24647.9,Home,Yes,Approved
APP-12001,61,Female,Not Graduate,Salaried,27459.74,9469.93,360,677,1,0.2845,0.0,Home,No,Approved
APP-12002,45,Male,Graduate,Salaried,70504.11,36550.8,48,654,2,0.5025,57470.68,Home,Yes,Rejected
APP-12003,44,Female,Not Graduate,Salaried,46895.46,9351.01,60,683,3,0.2439,15604.79,Home,Yes,Rejected
APP-12004,38,Female,Not Graduate,Self-Employed,59518.17,32952.89,12,625,0,0.1268,59087.22,Home,No,Approved
APP-12005,64,Male,Not Graduate,Self-Employed,32673.33,23006.85,24,756,1,0.2821,0.0,Home,No,Approved
APP-12006,33,Male,Not Graduate,Salaried,69813.88,21307.08,36,820,2,0.5798,31014.99,Home,Yes,Approved
APP-12007,54,Female,Graduate,Self-Employed,35344.0,14673.05,60,493,1,0.2933,34768.96,Home,No,Rejected
APP-12008,37,Male,Graduate,Self-Employed,24105.63,6263.06,60,791,0,0.5502,0.0,Personal,No,Approved
APP-12009,23,Female,,Self-Employed,62318.87,21991.28,48,850,1,0.2729,32967.34,Business,No,Approved
APP-12010,36,Male,Graduate,Salaried,20000.0,5000.0,36,677,0,0.2188,11460.86,Business,No,Approved
APP-12011,22,Female,Graduate,Salaried,36901.19,28326.78,360,677,2,0.5149,0.0,Home,No,Rejected
APP-12012,20,Female,Not Graduate,Salaried,56702.0,22177.56,12,677,0,0.1755,0.0,Education,No,Approved
APP-12013,18,Male,Graduate,Salaried,71602.84,46700.02,120,655,3,0.1891,0.0,Vehicle,Yes,Approved
APP-12014,55,Male,Not Graduate,Salaried,90513.98,18089.26,180,714,0,0.0799,0.0,Personal,Yes,Approved
APP-12015,32,Female,Graduate,Self-Employed,119225.56,79720.0,48,645,2,0.163,167844.03,Home,No,Approved
APP-12016,51,Female,Graduate,Salaried,102321.4,71840.17,36,673,2,0.2773,0.0,Personal,Yes,Approved
APP-12017,52,Female,Not Graduate,Self-Employed,53947.9,32413.73,240,603,1,0.2897,40687.77,Home,Yes,Approved
APP-12018,66,Male,Not Graduate,Salaried,86060.76,63017.63,360,643,1,0.3024,117369.84,Business,No,Approved
APP-12019,42,Male,Graduate,Salaried,53533.16,11618.73,12,647,2,0.3378,28409.61,Business,No,Approved
APP-12020,41,Male,Graduate,Self-Employed,69075.32,29946.73,360,677,2,0.3931,0.0,Personal,No,Rejected
APP-12021,29,Female,Graduate,Salaried,49143.55,19401.6,180,563,0,0.1637,0.0,Education,No,Approved
APP-12022,35,Male,Graduate,Salaried,61762.0,31951.47,12,653,1,0.418,0.0,Personal,No,Rejected
APP-12023,32,Male,Graduate,Self-Employed,38691.56,27189.67,180,662,1,0.2519,0.0,Education,Yes,Rejected
APP-12024,61,Female,Graduate,Self-Employed,44946.49,11280.85,60,694,1,0.4904,0.0,Vehicle,No,Approved
APP-12025,33,Female,Graduate,Salaried,61859.1,13791.53,180,791,3,0.384,28034.76,Business,No,Rejected
APP-12026,44,Male,Graduate,Self-Employed,139481.82,38687.38,360,671,0,0.3826,86984.9,Home,No,Rejected
APP-12027,25,Female,Graduate,Self-Employed,59717.79,43240.76,240,677,0,0.4613,0.0,Vehicle,No,Approved
APP-12028,63,Female,Graduate,Self-Employed,49143.55,36975.92,120,690,1,0.2498,54188.16,Home,No,Approved
APP-12029,42,Female,Not Graduate,Self-Employed,32341.67,16130.12,24,623,1,0.3075,0.0,Education,No,Approved
APP-12030,34,Male,Graduate,Salaried,76734.05,34604.01,240,677,3,0.3997,0.0,Vehicle,No,Rejected
APP-12031,46,Female,,Salaried,41451.0,21710.84,48,656,1,0.3029,0.0,Personal,Yes,Approved
APP-12032,70,Female,Graduate,Salaried,59105.33,31409.48,240,638,3,0.3166,69736.47,Business,No,Approved
APP-12033,25,Male,Not Graduate,Salaried,69631.42,15264.13,180,594,3,0.2135,24296.75,Business,No,Approved
APP-12034,32,Male,Graduate,Self-Employed,92231.0,53539.11,48,677,2,0.222,0.0,Education,No,Rejected
APP-12035,44,Male,Graduate,Salaried,74696.33,31121.91,240,716,3,0.4694,0.0,Personal,No,Approved
APP-12036,63,Female,Graduate,Self-Employed,26589.48,12288.79,24,683,0,0.0526,0.0,Personal,No,Approved
APP-12037,67,Male,Graduate,Self-Employed,20772.82,5000.0,360,600,0,0.1072,6815.7,Business,No,Approved
APP-12038,69,Female,Graduate,Self-Employed,69615.04,44218.75,120,677,0,0.6193,0.0,Education,Yes,Rejected
APP-12039,24,Female,Graduate,Self-Employed,51174.78,35044.47,180,689,1,0.1622,62378.38,Home,No,Rejected
APP-12040,20,Female,Graduate,Salaried,59619.31,31812.57,12,601,1,0.3009,57961.95,Home,No,Approved
APP-12041,46,Female,Not Graduate,Salaried,115829.99,72290.25,36,608,1,0.5598,0.0,Personal,No,Rejected
APP-12042,61,Male,Graduate,Salaried,36015.55,16779.44,60,634,1,0.0501,0.0,Personal,No,Approved
APP-12043,70,Male,Graduate,Salaried,93498.87,49820.63,180,602,1,0.6051,0.0,Vehicle,No,Rejected
APP-12044,41,Male,Graduate,Salaried,36194.71,13616.46,12,688,0,0.082,0.0,Personal,No,Rejected
APP-12045,20,Male,Not Graduate,Salaried,107220.0,70155.07,360,655,1,0.152,0.0,Education,Yes,Rejected
APP-12046,37,Female,Not Graduate,Self-Employed,71343.34,30519.94,60,792,3,0.0675,60162.68,Business,No,Approved
APP-12047,63,Female,Graduate,Self-Employed,23073.41,13293.72,36,587,1,0.3617,30789.42,Business,Yes,Approved
APP-12048,32,Male,Graduate,Self-Employed,39789.59,21287.45,180,772,1,0.6159,32501.5,Business,No,Approved
APP-12049,42,Female,Graduate,Salaried,127750.0,75579.74,240,698,1,0.553,187270.84,Business,Yes,Rejected
APP-12050,47,Female,Graduate,Salaried,119981.87,77946.36,36,799,0,0.4338,0.0,Education,No,Rejected
APP-12051,31,Female,,Salaried,66310.97,30430.07,180,788,2,0.1613,69586.45,Business,No,Rejected
APP-12052,24,Female,Not Graduate,Salaried,58519.62,39158.18,180,677,0,0.5718,0.0,Vehicle,No,Rejected
APP-12053,44,Male,Graduate,Self-Employed,55263.47,24762.46,48,567,1,0.5029,0.0,Personal,No,Rejected
APP-12054,61,Male,Graduate,Salaried,60992.97,46942.87,360,668,1,0.2101,0.0,Vehicle,No,Approved
APP-12055,37,Female,Graduate,Self-Employed,45688.4,28640.7,12,521,2,0.5331,0.0,Education,No,Approved
APP-12056,53,Male,Graduate,Salaried,89815.21,19741.31,12,732,1,0.5763,32851.35,Business,No,Rejected
APP-12057,26,Female,,Salaried,65442.35,44547.21,60,692,0,0.4689,63138.06,Home,Yes,Approved
APP-12058,55,Male,,Salaried,30252.14,14705.91,36,632,1,0.1102,17648.45,Home,No,Approved
APP-12059,65,Male,Graduate,Salaried,68015.84,53672.84,360,644,2,0.64,76650.71,Business,Yes,Approved
APP-12060,39,Male,Graduate,Salaried,53236.1,32110.6,60,598,0,0.0956,75085.25,Home,No,Rejected
APP-12061,70,Female,Graduate,Self-Employed,41930.51,6670.03,180,677,1,0.4427,10064.03,Business,No,Approved
APP-12062,70,Male,Graduate,Self-Employed,126660.0,47684.07,12,600,1,0.1163,0.0,Education,No,Approved
APP-12063,19,Male,Graduate,Salaried,51631.4,23858.5,24,677,1,0.5932,30853.14,Home,No,Approved
APP-12064,41,Male,Graduate,Self-Employed,20000.0,13746.19,48,708,1,0.26,0.0,Education,No,Rejected
APP-12065,25,Male,Graduate,Salaried,43448.48,26527.12,360,732,0,0.3569,0.0,Personal,No,Rejected
APP-12066,28,Male,Graduate,Self-Employed,80558.93,28884.57,60,677,0,0.1573,43810.74,Home,No,Rejected
APP-12067,44,Female,Not Graduate,Salaried,30846.01,17193.65,60,656,2,0.3779,0.0,Personal,No,Approved
APP-12068,34,Male,Graduate,Self-Employed,49143.55,39904.78,360,715,4,0.6133,0.0,Education,Yes,Rejected
APP-12069,25,Male,Not Graduate,Salaried,29767.0,5603.25,240,690,0,0.591,0.0,Education,No,Approved
APP-12070,38,Male,Graduate,Salaried,95639.0,25287.08,24,690,3,0.088,0.0,Education,Yes,Approved
APP-12071,35,Male,Not Graduate,Salaried,36817.06,12473.09,180,597,2,0.277,0.0,Education,No,Approved
APP-12072,47,Male,Graduate,Salaried,41114.02,9737.38,12,580,1,0.2105,23676.64,Home,No,Approved
APP-12073,35,Male,Not Graduate,Salaried,39618.0,8125.39,360,700,4,0.339,0.0,Personal,No,Approved
APP-12074,63,Male,Graduate,Salaried,66086.93,9300.97,36,718,0,0.5502,0.0,Vehicle,No,Rejected
APP-12075,64,Female,Graduate,Self-Employed,123261.05,87659.78,24,630,3,0.4933,0.0,Education,No,Rejected
APP-12076,48,Female,Not Graduate,Self-Employed,49385.73,14927.35,48,773,2,0.2564,16549.17,Business,No,Approved
APP-12077,55,Male,,Self-Employed,48754.26,14783.48,48,850,0,0.2796,0.0,Education,No,Approved
APP-12078,49,Male,Graduate,Self-Employed,36804.14,8993.45,36,820,4,0.4426,0.0,Personal,Yes,Rejected
APP-12079,28,Female,Graduate,Self-Employed,21727.34,9403.12,24,658,1,0.1665,0.0,Education,No,Rejected
APP-12080,62,Female,Graduate,Salaried,38686.21,17794.47,60,645,1,0.1116,43097.95,Business,No,Approved
APP-12081,42,Male,Not Graduate,Salaried,26121.1,6420.49,48,677,2,0.1956,12262.61,Home,No,Approved
APP-12082,50,Female,Graduate,Self-Employed,20000.0,10519.98,60,734,0,0.1244,12791.65,Business,No,Approved
APP-12083,55,Male,Not Graduate,Self-Employed,47169.46,28589.41,240,590,2,0.2612,32706.02,Business,No,Rejected
APP-12084,58,Male,Graduate,Salaried,37372.95,13517.35,24,677,1,0.6125,16910.05,Home,No,Approved
APP-12085,44,Female,Not Graduate,Salaried,97566.18,49740.82,360,732,1,0.1222,95904.64,Home,Yes,Approved
APP-12086,28,Female,Graduate,Salaried,31958.67,14432.9,12,608,2,0.541,0.0,Personal,Yes,Rejected
APP-12087,39,Male,Not Graduate,Self-Employed,68540.75,16236.2,240,620,1,0.3708,0.0,Personal,No,Rejected
APP-12088,68,Male,Not Graduate,Salaried,67874.2,41471.66,60,632,0,0.4297,0.0,Vehicle,No,Approved
APP-12089,41,Female,Graduate,Self-Employed,95661.06,63233.6,24,677,1,0.152,0.0,Personal,No,Approved
APP-12090,58,Male,Graduate,Self-Employed,44707.08,24774.66,240,554,2,0.1408,29398.11,Home,Yes,Rejected
APP-12091,34,Female,Not Graduate,Salaried,94799.67,30973.63,60,735,3,0.1476,0.0,Vehicle,No,Approved
APP-12092,29,Male,Graduate,Salaried,64891.59,48587.89,36,621,0,0.4502,92093.33,Home,No,Approved
APP-12093,63,Female,Not Graduate,Salaried,86650.87,36285.13,180,696,1,0.4987,73062.19,Business,No,Rejected
APP-12094,49,Male,Graduate,Salaried,162279.98,46430.73,48,687,1,0.602,0.0,Vehicle,Yes,Rejected
APP-12095,32,Female,Graduate,Salaried,46091.71,17780.53,120,599,1,0.2889,23232.17,Home,No,Approved
APP-12096,33,Female,Not Graduate,Self-Employed,53391.0,31204.73,240,538,1,0.3272,0.0,Vehicle,No,Approved
APP-12097,39,Male,Graduate,Salaried,40908.45,28314.88,12,687,3,0.3318,0.0,Education,No,Approved
APP-12098,45,Male,Graduate,Salaried,105995.81,37056.44,24,645,0,0.2119,0.0,Education,No,Approved
APP-12099,37,Male,Not Graduate,Salaried,180290.8,47387.11,240,716,1,0.2469,0.0,Personal,Yes,Approved
APP-12100,50,Female,Graduate,Self-Employed,70762.36,38108.73,180,744,2,0.5581,0.0,Personal,No,Rejected
APP-12101,27,Male,Graduate,Salaried,21916.0,16323.94,360,516,1,0.2562,29118.74,Home,No,Approved
APP-12102,57,Female,Graduate,Self-Employed,31522.13,7196.67,24,661,0,0.5715,17627.75,Business,No,Approved
APP-12103,49,Male,Not Graduate,Salaried,87535.08,57958.16,240,763,1,0.2332,0.0,Education,No,Rejected
APP-12104,67,Male,Graduate,Salaried,27662.19,11995.02,120,794,1,0.2539,27241.7,Home,No,Approved
APP-12105,50,Male,Graduate,Salaried,36305.83,23949.46,12,533,2,0.3862,0.0,Personal,No,Approved
APP-12106,19,Female,Not Graduate,Salaried,49143.55,16191.98,48,772,2,0.1119,34208.96,Home,No,Approved
APP-12107,50,Male,Not Graduate,Salaried,47165.82,17174.46,24,599,0,0.6032,31340.46,Home,No,Rejected
APP-12108,50,Female,Graduate,Salaried,55734.53,32756.23,180,736,0,0.5422,54112.79,Home,Yes,Approved
APP-12109,58,Male,Graduate,Salaried,20000.0,14608.78,360,636,1,0.4523,0.0,Education,No,Rejected
APP-12110,30,Male,Graduate,Salaried,22840.27,7404.27,120,739,1,0.6429,12824.26,Home,No,Rejected
APP-12111,47,Male,Graduate,Self-Employed,23114.0,9766.4,48,677,0,0.0596,21197.52,Business,No,Approved
APP-12112,50,Male,Graduate,Self-Employed,24538.2,6394.17,60,677,1,0.2966,0.0,Education,No,Rejected
APP-12113,30,Male,Not Graduate,Salaried,49414.71,11285.66,12,633,1,0.565,0.0,Education,No,Approved
APP-12114,69,Male,Graduate,Salaried,54029.69,34823.38,48,723,1,0.3098,65329.26,Home,No,Approved
APP-12115,43,Male,Graduate,Salaried,81356.18,19563.3,36,646,1,0.0531,0.0,Education,No,Approved
APP-12116,39,Female,Graduate,Self-Employed,64696.65,42397.18,360,594,3,0.1447,0.0,Education,No,Approved
APP-12117,56,Male,Not Graduate,Self-Employed,36639.1,14672.2,120,578,1,0.3104,0.0,Education,No,Rejected
APP-12118,19,Male,Graduate,Salaried,54993.16,43803.93,48,615,1,0.4508,95077.11,Home,No,Approved
APP-12119,55,Female,Graduate,Self-Employed,83043.0,19775.78,36,614,0,0.1476,48605.35,Home,No,Approved
APP-12120,56,Female,Graduate,Salaried,43752.7,7222.9,48,725,2,0.3188,14422.11,Home,No,Approved
APP-12121,43,Male,Graduate,Salaried,41973.37,6413.66,240,648,1,0.0577,0.0,Vehicle,No,Approved
APP-12122,63,Female,Not Graduate,Self-Employed,30562.27,20928.82,60,656,0,0.3365,40692.85,Home,No,Rejected
APP-12123,67,Male,Graduate,Self-Employed,32780.43,13323.39,12,665,0,0.5876,0.0,Education,No,Rejected
APP-12124,32,Female,Graduate,Salaried,69064.0,7057.43,60,723,0,0.4081,11776.22,Business,No,Rejected
APP-12125,51,Female,Graduate,Salaried,48927.0,34852.76,240,730,0,0.3144,0.0,Personal,No,Approved
APP-12126,44,Female,Graduate,Self-Employed,130508.74,93162.97,48,637,2,0.1474,0.0,Personal,No,Rejected
APP-12127,61,Male,Graduate,Salaried,34949.0,23223.35,24,658,3,0.1715,0.0,Personal,No,Approved
APP-12128,66,Female,Graduate,Salaried,71731.59,19641.75,36,731,0,0.0959,0.0,Personal,Yes,Approved
APP-12129,57,Male,Not Graduate,Salaried,59468.65,21463.84,360,624,2,0.4954,29522.56,Business,No,Approved
APP-12130,28,Male,Graduate,Salaried,46878.0,29132.52,180,636,1,0.0963,0.0,Personal,No,Approved
APP-12131,20,Male,Graduate,Self-Employed,39428.69,17449.06,36,731,1,0.2804,28335.2,Business,No,Approved
APP-12132,23,Male,Not Graduate,Salaried,66174.53,13743.03,60,634,2,0.4999,0.0,Education,No,Approved
APP-12133,44,Male,Not Graduate,Salaried,64301.0,17358.73,36,699,0,0.4777,0.0,Home,Yes,Rejected
APP-12134,23,Female,Graduate,Self-Employed,54230.25,42343.67,48,553,2,0.3965,77409.99,Business,No,Approved
APP-12135,26,Female,Not Graduate,Salaried,60646.5,12475.54,240,726,2,0.3928,0.0,Personal,No,Rejected
APP-12136,56,Male,Graduate,Salaried,49923.31,30366.18,36,663,1,0.1042,34884.6,Home,No,Approved
APP-12137,48,Male,Graduate,Self-Employed,21578.0,9377.89,36,712,0,0.1549,16562.55,Home,No,Approved
APP-12138,44,Male,Not Graduate,Salaried,51133.0,31908.12,240,769,2,0.3708,0.0,Vehicle,No,Rejected
APP-12139,58,Male,Graduate,Salaried,42861.31,24121.46,180,653,1,0.2588,55648.43,Business,No,Rejected
APP-12140,67,Male,Graduate,Self-Employed,129718.47,52849.51,180,557,0,0.0614,0.0,Personal,No,Approved
APP-12141,29,Female,Graduate,Self-Employed,67285.01,23397.53,24,651,3,0.5289,0.0,Personal,No,Rejected
APP-12142,44,Male,Graduate,Self-Employed,49143.55,34051.23,180,777,1,0.442,0.0,Education,No,Approved
APP-12143,25,Male,Graduate,Self-Employed,61784.95,20154.18,36,693,2,0.2455,46309.63,Home,No,Rejected
APP-12144,67,Male,Graduate,Self-Employed,29390.92,19146.42,180,594,3,0.1089,0.0,Education,Yes,Rejected
APP-12145,45,Female,Not Graduate,Self-Employed,36138.56,20811.84,48,664,3,0.4047,0.0,Personal,No,Rejected
APP-12146,37,Female,Graduate,Self-Employed,41465.0,20913.65,240,719,2,0.2591,28040.49,Home,No,Approved
APP-12147,64,Female,Not Graduate,Salaried,59528.55,21320.78,240,669,0,0.2032,28079.86,Home,No,Approved
APP-12148,24,Female,Graduate,Salaried,39443.47,9606.73,120,667,1,0.4829,15857.22,Home,Yes,Rejected
APP-12149,28,Male,Graduate,Self-Employed,38149.99,22786.75,36,622,1,0.2469,0.0,Education,No,Approved
APP-12150,37,Male,Not Graduate,Salaried,28740.66,5000.0,120,629,0,0.1316,0.0,Education,No,Approved
APP-12151,33,Female,Not Graduate,Salaried,49640.41,38688.72,120,697,2,0.339,0.0,Personal,No,Approved
APP-12152,21,Male,Graduate,Salaried,49143.55,41809.08,36,719,1,0.547,0.0,Business,Yes,Rejected
APP-12153,23,Female,Not Graduate,Salaried,60734.16,11609.69,48,677,0,0.5598,0.0,Personal,No,Rejected
APP-12154,39,Male,Graduate,Salaried,34613.0,5979.6,24,677,3,0.5596,0.0,Education,No,Approved
APP-12155,43,Male,Graduate,Self-Employed,59005.61,22947.38,12,740,5,0.3026,32484.37,Business,No,Approved
APP-12156,44,Female,Graduate,Self-Employed,29139.88,22571.12,24,646,0,0.5246,46189.37,Business,No,Rejected
APP-12157,58,Female,Not Graduate,Self-Employed,43935.07,16704.89,180,703,0,0.5601,20352.93,Business,Yes,Rejected
APP-12158,59,Female,Graduate,Self-Employed,56998.83,20215.29,60,722,3,0.3257,34794.7,Home,No,Approved
APP-12159,31,Male,Graduate,Salaried,43072.67,25520.97,360,578,1,0.2412,0.0,Vehicle,No,Approved
APP-12160,28,Male,Graduate,Salaried,22450.72,5053.92,36,691,3,0.4712,7542.97,Business,No,Rejected
APP-12161,44,Male,Graduate,Salaried,23829.6,8443.46,24,464,0,0.5927,16325.97,Home,No,Rejected
APP-12162,29,Male,Not Graduate,Salaried,54745.33,16637.94,48,671,1,0.6333,36867.86,Home,No,Approved
APP-12163,44,Male,Graduate,Salaried,65501.33,34131.06,24,726,1,0.2241,81675.23,Home,No,Approved
APP-12164,29,Male,Graduate,Salaried,58085.0,12425.9,180,706,2,0.6237,30435.92,Home,No,Approved
APP-12165,30,Male,Graduate,Self-Employed,66295.09,32092.85,120,744,0,0.3496,0.0,Education,Yes,Approved
APP-12166,42,Male,Graduate,Salaried,42605.08,29835.6,240,677,2,0.234,0.0,Education,No,Approved
APP-12167,62,Male,Graduate,Self-Employed,70913.84,32614.65,60,677,0,0.643,51911.84,Home,No,Rejected
APP-12168,68,Male,Graduate,Salaried,57990.24,33544.32,24,556,1,0.5767,77091.12,Business,Yes,Approved
APP-12169,36,Male,Not Graduate,Salaried,35606.08,5436.11,48,689,2,0.4654,0.0,Personal,No,Approved
APP-12170,63,Male,Graduate,Salaried,63400.49,26267.07,12,718,0,0.587,50662.57,Home,No,Approved
APP-12171,53,Male,Not Graduate,Self-Employed,56841.68,9459.89,24,539,1,0.4589,19574.0,Home,No,Approved
APP-12172,44,Female,Graduate,Salaried,113124.81,58782.27,48,712,2,0.3142,134704.44,Business,Yes,Rejected
APP-12173,25,Male,,Salaried,97700.31,28991.4,120,677,0,0.6188,37171.57,Business,No,Approved
APP-12174,46,Male,,Salaried,46809.82,14093.79,48,650,0,0.6279,0.0,Personal,No,Approved
APP-12175,70,Male,Not Graduate,Self-Employed,39781.6,6115.89,48,715,2,0.2385,11414.43,Business,Yes,Approved
APP-12176,49,Female,Graduate,Salaried,106890.01,33901.93,24,657,2,0.2626,0.0,Education,Yes,Approved
APP-12177,68,Female,Not Graduate,Self-Employed,64587.09,29366.07,360,652,1,0.2796,0.0,Personal,No,Approved
APP-12178,61,Female,Not Graduate,Self-Employed,44932.93,22882.64,240,578,0,0.5433,0.0,Home,No,Rejected
APP-12179,35,Female,Graduate,Salaried,20000.0,5000.0,240,712,2,0.5247,7852.02,Business,No,Approved
APP-12180,23,Male,Graduate,Self-Employed,33599.0,18681.74,60,575,2,0.6399,0.0,Personal,No,Rejected
APP-12181,35,Male,Graduate,Salaried,32450.98,14350.25,36,625,0,0.3291,0.0,Vehicle,Yes,Approved
APP-12182,36,Female,Not Graduate,Salaried,45561.11,21679.6,120,716,0,0.4921,0.0,Vehicle,No,Approved
APP-12183,39,Male,Graduate,Self-Employed,66786.7,45612.49,360,666,2,0.564,71804.27,Business,No,Approved
APP-12184,44,Male,Graduate,Self-Employed,72086.83,24477.7,240,816,3,0.1827,0.0,Personal,No,Rejected
APP-12185,44,Male,Graduate,Salaried,103778.89,23021.87,180,727,2,0.4223,0.0,Personal,Yes,Rejected
APP-12186,58,Male,Graduate,Self-Employed,78096.3,37975.66,240,740,2,0.3786,81700.85,Home,No,Approved
APP-12187,20,Female,Graduate,Self-Employed,25585.12,19483.46,48,677,1,0.4957,39943.51,Business,No,Rejected
APP-12188,45,Female,Not Graduate,Self-Employed,82043.41,37945.79,120,660,0,0.4673,0.0,Personal,No,Rejected
APP-12189,27,Male,Graduate,Salaried,116618.4,79573.23,60,637,1,0.5377,0.0,Education,No,Approved
APP-12190,44,Male,Not Graduate,Self-Employed,113766.57,71664.12,24,582,1,0.237,152019.1,Home,No,Approved
APP-12191,52,Male,Graduate,Salaried,26731.0,12371.82,240,563,1,0.1798,17991.02,Home,No,Rejected
APP-12192,46,Male,Graduate,Salaried,49143.55,24651.07,36,771,2,0.5331,32989.9,Business,No,Rejected
APP-12193,32,Female,Graduate,Self-Employed,49143.55,30489.37,60,630,1,0.2663,0.0,Vehicle,No,Approved
APP-12194,50,Female,Graduate,Self-Employed,27469.42,12950.19,240,751,0,0.2225,27332.72,Home,No,Approved
APP-12195,24,Male,,Salaried,20692.83,9417.31,360,677,1,0.2521,0.0,Vehicle,Yes,Rejected
APP-12196,29,Male,Graduate,Salaried,57352.85,34203.94,360,665,2,0.0898,0.0,Personal,No,Approved
APP-12197,66,Male,Graduate,Salaried,34968.55,13532.37,60,781,1,0.5139,20540.42,Home,No,Approved
APP-12198,47,Female,Graduate,Salaried,21682.8,5000.0,24,701,3,0.4791,7057.05,Home,No,Approved
APP-12199,38,Male,Not Graduate,Salaried,90649.91,59112.5,180,703,2,0.3816,0.0,Personal,Yes,Approved
APP-12200,48,Male,Not Graduate,Salaried,53218.23,30834.49,180,633,1,0.4797,0.0,Personal,No,Rejected
APP-12201,41,Male,Graduate,Salaried,37784.48,28908.39,240,607,2,0.2739,40484.81,Home,No,Approved
APP-12202,37,Male,Not Graduate,Self-Employed,30277.43,12114.04,240,676,1,0.2272,0.0,Vehicle,No,Approved
APP-12203,54,Male,Graduate,Salaried,53491.77,8277.53,60,589,3,0.5674,10825.03,Business,No,Rejected
APP-12204,21,Female,Graduate,Self-Employed,63431.04,11743.2,12,671,2,0.3035,19934.57,Business,No,Approved
APP-12205,45,Female,Not Graduate,Self-Employed,57697.34,37002.67,48,758,0,0.1675,0.0,Personal,No,Approved
APP-12206,61,Female,Graduate,Salaried,22937.84,5000.0,48,578,2,0.4994,7326.64,Business,No,Approved
APP-12207,37,Male,Graduate,Salaried,62219.64,45761.2,36,731,2,0.2515,0.0,Vehicle,No,Approved
APP-12208,41,Female,Graduate,Salaried,69371.04,20613.96,240,759,1,0.1771,0.0,Education,No,Approved
APP-12209,67,Male,Graduate,Self-Employed,41286.79,30106.96,36,677,1,0.0663,0.0,Personal,No,Approved
APP-12210,66,Male,Graduate,Salaried,82438.28,52880.43,60,682,3,0.6324,124343.66,Home,No,Approved
APP-12211,68,Male,Graduate,Salaried,32017.61,22727.4,24,641,2,0.3304,0.0,Education,No,Approved
APP-12212,49,Female,Graduate,Salaried,93460.33,23348.99,120,655,2,0.1471,0.0,Education,No,Approved
APP-12213,58,Male,Graduate,Salaried,52373.6,27076.39,120,745,1,0.5047,55907.21,Home,No,Approved
APP-12214,53,Male,Not Graduate,Salaried,38250.63,6330.95,240,737,1,0.5826,0.0,Personal,No,Rejected
APP-12215,70,Female,Graduate,Self-Employed,41805.19,10099.99,240,711,1,0.3668,21628.19,Home,No,Approved
APP-12216,51,Male,Graduate,Salaried,80792.74,25605.77,12,728,0,0.067,42635.01,Business,No,Approved
APP-12217,53,Male,Graduate,Self-Employed,49143.55,34141.68,60,696,1,0.2691,0.0,Personal,Yes,Approved
APP-12218,19,Male,Not Graduate,Self-Employed,67679.17,7938.77,24,581,2,0.1959,15403.54,Business,No,Rejected
APP-12219,32,Male,Not Graduate,Salaried,83896.12,61427.24,60,765,0,0.4318,0.0,Education,No,Approved
APP-12220,51,Male,Not Graduate,Salaried,37684.78,5636.23,360,608,1,0.3613,0.0,Vehicle,No,Approved
APP-12221,53,Male,Graduate,Self-Employed,52242.37,18992.36,48,671,1,0.2634,34207.46,Home,No,Approved
APP-12222,23,Female,Not Graduate,Self-Employed,43816.78,6868.84,240,748,0,0.4391,9166.0,Home,No,Approved
APP-12223,44,Male,Not Graduate,Salaried,81513.91,52028.49,12,677,0,0.4007,0.0,Education,No,Approved
APP-12224,59,Female,Graduate,Self-Employed,40488.46,8053.98,240,729,0,0.5939,0.0,Education,No,Approved
APP-12225,68,Female,Graduate,Salaried,50207.31,36115.62,120,584,2,0.4081,0.0,Vehicle,No,Rejected
APP-12226,68,Female,Graduate,Salaried,154486.55,72787.17,240,727,1,0.3546,149717.81,Business,No,Rejected
APP-12227,29,Female,Graduate,Salaried,49143.55,71202.29,120,776,1,0.5442,90401.38,Home,Yes,Rejected
APP-12228,20,Male,Graduate,Salaried,29213.49,8859.07,36,620,1,0.1715,10456.26,Business,No,Approved
APP-12229,62,Female,Graduate,Salaried,76955.92,32169.21,240,610,2,0.1961,0.0,Education,No,Approved
APP-12230,35,Female,Not Graduate,Salaried,69174.3,40534.26,60,686,0,0.5201,69662.76,Home,No,Approved
APP-12231,57,Male,Not Graduate,Salaried,28273.54,19292.15,60,608,2,0.3154,0.0,Personal,No,Approved
APP-12232,38,Female,Graduate,Salaried,46396.17,18324.17,180,505,2,0.2955,0.0,Education,No,Rejected
APP-12233,32,Male,Graduate,Self-Employed,49143.55,22118.18,120,677,3,0.5822,0.0,Education,Yes,Approved
APP-12234,50,Female,Not Graduate,Self-Employed,20000.0,5000.0,360,677,0,0.4161,0.0,Personal,No,Rejected
APP-12235,52,Male,Graduate,Self-Employed,45570.43,27163.59,180,653,0,0.5317,57946.37,Home,No,Rejected
APP-12236,43,Male,Graduate,Salaried,38061.0,13083.18,36,689,0,0.5359,28474.44,Business,No,Approved
APP-12237,25,Male,Graduate,Salaried,28269.78,5000.0,60,763,0,0.122,0.0,Vehicle,No,Approved
APP-12238,53,Female,Graduate,Salaried,48786.4,18083.42,360,651,3,0.442,42005.21,Home,No,Rejected
APP-12239,65,Female,Not Graduate,Salaried,20000.0,14323.02,24,661,1,0.6215,0.0,Personal,No,Approved
APP-12240,47,Male,Graduate,Salaried,50042.98,39352.48,12,678,1,0.338,0.0,Vehicle,No,Approved
APP-12241,40,Male,Graduate,Self-Employed,49399.67,18522.9,240,677,2,0.489,25541.22,Business,No,Approved
APP-12242,59,Male,Graduate,Self-Employed,68828.27,49590.18,240,654,1,0.39,122977.41,Home,No,Rejected
APP-12243,61,Male,,Salaried,21991.48,10044.79,24,816,0,0.1729,0.0,Personal,No,Approved
APP-12244,31,Female,Graduate,Self-Employed,142873.1,85996.82,240,690,4,0.1671,186483.48,Business,No,Approved
APP-12245,31,Female,Graduate,Salaried,117936.44,15539.3,60,656,1,0.3103,0.0,Personal,Yes,Approved
APP-12246,19,Male,Not Graduate,Salaried,33302.66,16322.25,24,790,1,0.3398,0.0,Personal,No,Approved
APP-12247,54,Female,Graduate,Self-Employed,101708.83,15166.14,180,766,1,0.3519,0.0,Education,Yes,Rejected
APP-12248,22,Male,Graduate,Salaried,75247.36,21673.69,180,729,1,0.623,49351.2,Business,No,Rejected
APP-12249,55,Male,Graduate,Salaried,39351.0,19548.61,36,631,1,0.1102,0.0,Personal,No,Approved
APP-12250,62,Male,,Self-Employed,36191.0,24067.73,12,850,2,0.2783,0.0,Education,No,Approved
APP-12251,44,Female,Graduate,Self-Employed,37586.03,18515.84,48,554,1,0.3587,0.0,Vehicle,No,Approved
APP-12252,64,Female,Not Graduate,Self-Employed,201427.0,100000.0,24,537,2,0.6279,179854.3,Home,No,Approved
APP-12253,31,Male,Graduate,Self-Employed,96767.0,64566.01,48,710,1,0.3526,0.0,Vehicle,No,Rejected
APP-12254,56,Female,,Self-Employed,44294.4,9273.83,240,651,1,0.515,11065.21,Business,Yes,Rejected
APP-12255,42,Female,Graduate,Salaried,46249.0,17217.05,24,481,3,0.4996,22121.47,Home,No,Rejected
APP-12256,37,Female,Not Graduate,Salaried,74886.14,42530.82,12,668,0,0.3899,72619.27,Home,No,Rejected
APP-12257,44,Female,Graduate,Salaried,73263.82,55452.23,36,686,1,0.128,102182.35,Business,Yes,Approved
APP-12258,56,Male,Not Graduate,Salaried,30380.67,24043.3,180,666,0,0.1813,0.0,Vehicle,No,Approved
APP-12259,23,Male,Not Graduate,Salaried,56884.0,36077.57,120,704,2,0.1941,87541.84,Business,Yes,Approved
APP-12260,34,Male,Not Graduate,Salaried,37187.51,18654.69,120,642,2,0.0732,0.0,Personal,Yes,Rejected
APP-12261,42,Male,Not Graduate,Salaried,52896.89,33305.3,180,668,3,0.2775,0.0,Education,No,Approved
APP-12262,45,Male,Not Graduate,Salaried,47857.99,13939.38,240,677,2,0.4163,0.0,Personal,No,Approved
APP-12263,19,Male,Graduate,Self-Employed,81537.82,24340.84,36,756,1,0.1366,34125.8,Home,Yes,Rejected
APP-12264,52,Female,Graduate,Salaried,42867.17,23921.79,36,663,2,0.155,0.0,Education,Yes,Approved
APP-12265,54,Male,Graduate,Salaried,52008.0,36940.72,240,677,0,0.4742,65154.06,Home,No,Approved
APP-12266,22,Female,Graduate,Self-Employed,20000.0,15577.33,180,749,1,0.1516,0.0,Personal,No,Approved
APP-12267,18,Female,Graduate,Self-Employed,57631.61,19533.32,60,604,1,0.1312,27663.97,Business,No,Rejected
APP-12268,57,Male,Graduate,Salaried,33214.41,21841.38,48,706,0,0.6367,0.0,Home,No,Rejected
APP-12269,29,Female,Graduate,Salaried,22958.25,15980.58,120,692,2,0.059,30071.63,Business,No,Approved
APP-12270,53,Male,Graduate,Salaried,86211.35,46228.36,360,732,0,0.2452,109701.99,Business,No,Approved
APP-12271,44,Male,Graduate,Salaried,48007.63,16481.71,120,604,1,0.071,0.0,Personal,Yes,Approved
APP-12272,40,Female,Graduate,Salaried,20000.0,10667.24,240,677,3,0.5528,20212.83,Business,Yes,Approved
APP-12273,64,Male,Not Graduate,Self-Employed,33129.79,16866.85,12,619,1,0.4,0.0,Personal,No,Rejected
APP-12274,48,Female,Graduate,Salaried,49143.55,25779.13,120,706,3,0.0788,0.0,Personal,No,Approved
APP-12275,28,Male,Not Graduate,Salaried,49880.0,26610.07,24,613,0,0.419,0.0,Personal,No,Rejected
APP-12276,27,Female,Graduate,Salaried,38189.0,26462.56,36,636,0,0.1239,48005.7,Home,No,Approved
APP-12277,20,Male,Graduate,Self-Employed,20000.0,5000.0,120,689,0,0.3474,0.0,Business,Yes,Rejected
APP-12278,31,Male,Graduate,Self-Employed,37199.0,13284.07,24,604,1,0.4516,0.0,Education,No,Rejected
APP-12279,33,Male,Graduate,Salaried,83743.74,42726.16,48,550,1,0.1391,0.0,Vehicle,No,Rejected
APP-12280,27,Female,Not Graduate,Salaried,98834.03,29485.1,120,763,0,0.3482,63398.31,Business,No,Approved
APP-12281,46,Male,,Salaried,36179.74,28390.5,60,628,1,0.3244,0.0,Education,Yes,Rejected
APP-12282,27,Female,Graduate,Salaried,125702.0,35725.08,120,568,1,0.5995,0.0,Personal,No,Approved
APP-12283,29,Male,Not Graduate,Salaried,21839.91,9363.65,120,591,2,0.6474,0.0,Education,Yes,Approved
APP-12284,47,Female,Graduate,Salaried,32695.22,23349.47,240,672,2,0.443,30509.79,Business,Yes,Approved
APP-12285,58,Female,Graduate,Salaried,76553.73,11945.79,360,806,1,0.5629,0.0,Personal,Yes,Approved
APP-12286,18,Female,Not Graduate,Salaried,70758.48,47725.29,60,668,1,0.4381,113006.85,Home,No,Approved
APP-12287,22,Male,Graduate,Salaried,48785.6,24378.45,120,677,0,0.5758,0.0,Home,No,Rejected
APP-12288,37,Female,Graduate,Salaried,28013.37,5000.0,120,649,1,0.31,9543.44,Home,No,Approved
APP-12289,25,Female,Graduate,Salaried,27975.96,20479.49,120,694,1,0.4148,0.0,Vehicle,Yes,Rejected
APP-12290,60,Male,Graduate,Salaried,49143.55,5000.0,24,663,2,0.5571,0.0,Personal,No,Approved
APP-12291,29,Female,Graduate,Self-Employed,28590.49,13170.28,48,725,1,0.6009,27141.75,Home,No,Rejected
APP-12292,18,Female,Not Graduate,Salaried,52331.39,7029.25,12,589,0,0.065,15791.53,Home,Yes,Approved
APP-12293,37,Male,Graduate,Salaried,46810.66,7014.11,12,677,1,0.1124,0.0,Home,No,Approved
APP-12294,45,Female,Graduate,Salaried,27427.98,19776.75,12,692,2,0.6087,0.0,Vehicle,No,Rejected
APP-12295,60,Male,Graduate,Salaried,41050.51,26111.32,180,711,0,0.3911,51936.8,Business,Yes,Rejected
APP-12296,54,Female,Graduate,Salaried,20000.0,5000.0,12,572,1,0.6441,0.0,Education,Yes,Rejected
APP-12297,64,Female,Graduate,Salaried,58081.95,31034.79,120,641,1,0.5256,0.0,Education,No,Rejected
APP-12298,54,Male,Not Graduate,Salaried,70148.02,46036.44,24,728,1,0.5409,0.0,Vehicle,No,Rejected
APP-12299,29,Female,Graduate,Self-Employed,31073.01,22456.88,120,677,0,0.2817,47641.6,Home,No,Approved
APP-12300,54,Female,Graduate,Self-Employed,33084.23,14153.92,120,818,5,0.2045,16604.4,Home,No,Rejected
APP-12301,44,Male,Not Graduate,Self-Employed,55767.38,40612.59,36,637,1,0.409,66405.43,Home,No,Rejected
APP-12302,66,Female,Graduate,Self-Employed,51695.86,23547.21,240,521,0,0.5774,57646.19,Business,No,Rejected
APP-12303,61,Male,Graduate,Salaried,72154.08,41976.33,48,677,0,0.4854,61332.04,Home,Yes,Rejected
APP-12304,45,Female,Not Graduate,Self-Employed,33245.02,26108.0,180,467,1,0.3333,0.0,Education,No,Rejected
APP-12305,64,Female,Graduate,Self-Employed,35232.0,9342.44,48,736,1,0.5019,17369.07,Business,Yes,Rejected
APP-12306,32,Female,Not Graduate,Salaried,43899.0,9568.48,12,679,1,0.4642,0.0,Personal,No,Approved
APP-12307,23,Female,Graduate,Salaried,28765.7,9763.46,120,711,0,0.5978,13137.7,Business,No,Approved
APP-12308,61,Male,Graduate,Self-Employed,43423.69,9339.54,60,724,0,0.2081,14500.42,Home,No,Approved
APP-12309,37,Female,Not Graduate,Salaried,29001.81,8669.05,360,763,0,0.1216,0.0,Personal,No,Approved
APP-12310,67,Female,Graduate,Self-Employed,60402.46,37454.94,360,472,2,0.332,78801.9,Home,Yes,Approved
APP-12311,31,Female,,Salaried,30710.0,13336.38,240,516,2,0.267,0.0,Education,No,Rejected
APP-12312,19,Male,Graduate,Salaried,55628.25,20166.85,180,677,1,0.6349,0.0,Business,No,Approved
APP-12313,26,Female,Not Graduate,Salaried,101550.0,36365.8,24,655,1,0.0545,72743.66,Business,No,Approved
APP-12314,54,Male,Not Graduate,Salaried,60725.0,14341.5,240,695,1,0.61,0.0,Vehicle,Yes,Rejected
APP-12315,37,Female,Graduate,Salaried,49143.55,22116.75,36,689,2,0.623,0.0,Education,No,Approved
APP-12316,43,Male,Graduate,Salaried,24789.61,13318.09,120,694,2,0.0806,22374.96,Business,No,Approved
APP-12317,44,Male,Graduate,Salaried,98176.02,19380.77,180,554,3,0.5837,0.0,Education,No,Rejected
APP-12318,18,Male,Graduate,Salaried,85636.26,66879.26,120,616,0,0.3325,0.0,Education,No,Approved
APP-12319,52,Male,Not Graduate,Salaried,45334.67,18600.67,60,654,2,0.5097,44889.12,Home,Yes,Rejected
APP-12320,23,Female,Graduate,Self-Employed,40454.84,30890.21,48,667,2,0.0976,67497.13,Home,No,Approved
APP-12321,54,Female,Not Graduate,Self-Employed,32630.74,6338.89,24,639,1,0.6231,0.0,Education,Yes,Rejected
APP-12322,70,Female,Graduate,Salaried,119932.99,76403.45,360,700,2,0.4145,112702.22,Business,No,Rejected
APP-12323,22,Male,Not Graduate,Salaried,72546.45,38619.86,180,677,1,0.5892,0.0,Personal,Yes,Rejected
APP-12324,50,Male,Not Graduate,Salaried,33550.13,22614.29,180,641,2,0.4538,0.0,Vehicle,No,Approved
APP-12325,66,Female,Graduate,Self-Employed,84934.43,44206.21,48,677,1,0.3721,0.0,Vehicle,Yes,Rejected
APP-12326,68,Female,Graduate,Self-Employed,95757.51,74114.94,60,696,1,0.1535,0.0,Education,No,Approved
APP-12327,31,Male,Graduate,Salaried,48503.61,26136.28,120,650,1,0.1568,45780.96,Home,No,Approved
APP-12328,29,Male,Graduate,Salaried,41267.33,26791.7,24,677,1,0.3335,62404.52,Home,No,Approved
APP-12329,59,Male,Graduate,Self-Employed,29836.0,21311.8,48,641,1,0.5723,0.0,Education,No,Approved
APP-12330,37,Female,Not Graduate,Self-Employed,69822.69,41908.17,48,653,2,0.1191,0.0,Vehicle,No,Approved
APP-12331,70,Female,Graduate,Self-Employed,39595.0,18489.58,48,639,3,0.649,0.0,Personal,No,Rejected
APP-12332,67,Male,Graduate,Self-Employed,38784.97,11285.34,180,677,0,0.5755,0.0,Personal,No,Rejected
APP-12333,41,Male,Graduate,Salaried,48739.03,34026.9,180,703,0,0.285,38499.73,Business,No,Rejected
APP-12334,60,Female,Graduate,Salaried,32565.1,14211.57,180,701,0,0.202,0.0,Personal,Yes,Rejected
APP-12335,51,Male,Graduate,Salaried,105262.41,56262.31,180,574,0,0.6032,0.0,Education,No,Rejected
APP-12336,42,Male,Graduate,Salaried,79535.27,12364.44,24,823,2,0.1239,23666.19,Home,No,Approved
APP-12337,67,Female,Not Graduate,Salaried,50933.63,22825.7,60,636,0,0.2584,32520.79,Business,No,Approved
APP-12338,46,Male,Graduate,Salaried,32028.35,18855.42,24,717,1,0.1003,22425.66,Business,No,Approved
APP-12339,56,Male,Graduate,Salaried,32904.7,16743.57,60,594,1,0.6221,0.0,Vehicle,No,Rejected
APP-12340,48,Female,Graduate,Salaried,32187.09,13325.08,120,797,3,0.4206,0.0,Education,No,Rejected
APP-12341,64,Female,Graduate,Salaried,26493.41,6792.89,36,723,0,0.2517,16153.53,Home,No,Approved
APP-12342,60,Female,Graduate,Salaried,57603.75,18247.09,120,710,3,0.2153,40924.5,Home,No,Approved
APP-12343,67,Female,Graduate,Salaried,35553.05,20991.84,60,665,0,0.3165,28536.54,Home,No,Rejected
APP-12344,40,Female,Graduate,Self-Employed,34552.13,8877.6,48,532,1,0.1048,0.0,Personal,No,Rejected
APP-12345,61,Male,Graduate,Self-Employed,32631.44,17464.63,360,813,1,0.584,0.0,Personal,No,Approved
APP-12346,55,Female,Graduate,Salaried,49143.55,41520.88,240,748,0,0.3566,0.0,Education,No,Rejected
APP-12347,37,Female,Graduate,Salaried,33547.34,26143.18,180,654,3,0.4851,0.0,Education,No,Rejected
APP-12348,44,Female,Graduate,Salaried,92459.0,13179.8,12,718,1,0.1902,29940.88,Home,No,Approved
APP-12349,62,Male,Graduate,Self-Employed,42453.01,7458.39,360,575,0,0.3522,0.0,Personal,No,Approved
APP-12350,69,Male,Graduate,Salaried,26303.56,11948.61,360,527,2,0.1767,0.0,Personal,No,Approved
APP-12351,33,Male,Not Graduate,Salaried,61984.0,29069.13,120,681,0,0.5397,37935.17,Home,Yes,Approved
APP-12352,67,Male,Graduate,Self-Employed,76392.37,9774.35,180,616,1,0.5152,0.0,Vehicle,No,Rejected
APP-12353,59,Female,Graduate,Salaried,31919.85,21644.81,36,641,1,0.139,38238.28,Home,No,Approved
APP-12354,25,Female,,Salaried,50595.62,22581.15,60,675,3,0.095,0.0,Personal,Yes,Approved
APP-12355,67,Male,Graduate,Salaried,57482.25,19696.33,180,585,1,0.544,41679.06,Home,No,Rejected
APP-12356,38,Male,,Salaried,51422.0,16619.39,12,673,2,0.1158,0.0,Personal,No,Rejected
APP-12357,18,Male,Graduate,Salaried,38984.83,27405.75,12,591,0,0.379,0.0,Vehicle,No,Rejected
APP-12358,25,Male,Graduate,Self-Employed,76176.64,18108.18,60,760,1,0.3707,41487.52,Business,No,Approved
APP-12359,46,Female,Graduate,Salaried,43236.55,9178.79,360,671,0,0.1718,0.0,Education,No,Approved
APP-12360,49,Male,Not Graduate,Self-Employed,36212.52,9025.06,180,722,3,0.4048,0.0,Education,No,Approved
APP-12361,55,Male,Graduate,Salaried,20281.38,10901.56,12,538,0,0.3517,0.0,Education,No,Approved
APP-12362,22,Male,Graduate,Salaried,20376.16,13604.18,60,727,1,0.3555,0.0,Vehicle,No,Approved
APP-12363,44,Male,Graduate,Salaried,54608.89,18112.95,240,799,3,0.2658,35567.11,Home,No,Approved
APP-12364,39,Male,Graduate,Salaried,47168.19,10444.14,240,689,1,0.5531,0.0,Vehicle,No,Rejected
APP-12365,64,Male,Graduate,Salaried,76399.0,18827.41,24,721,1,0.1006,32095.69,Home,No,Approved
APP-12366,51,Female,Not Graduate,Salaried,86261.8,46014.52,180,660,2,0.3132,110215.22,Home,No,Approved
APP-12367,18,Female,Graduate,Self-Employed,43366.75,11805.5,60,710,0,0.2059,13585.92,Business,No,Approved
APP-12368,43,Male,Graduate,Salaried,78773.0,56251.46,360,808,0,0.5591,0.0,Vehicle,No,Approved
APP-12369,60,Female,Graduate,Salaried,49143.55,6393.37,36,850,2,0.185,0.0,Personal,No,Approved
APP-12370,27,Female,Graduate,Salaried,45481.23,5578.64,12,705,0,0.5102,0.0,Education,No,Approved
APP-12371,44,Male,Graduate,Salaried,44836.0,7257.3,48,598,0,0.4169,0.0,Vehicle,No,Approved
APP-12372,67,Female,Graduate,Salaried,107961.64,74704.08,180,729,3,0.5749,151282.8,Home,No,Approved
APP-12373,44,Male,Not Graduate,Salaried,25868.0,14378.93,12,580,3,0.4063,32647.1,Home,Yes,Rejected
APP-12374,34,Female,Graduate,Salaried,50491.93,38900.06,24,677,2,0.3839,0.0,Vehicle,No,Rejected
APP-12375,43,Female,Not Graduate,Salaried,34613.0,11609.44,60,639,3,0.5307,21565.92,Home,No,Rejected
APP-12376,25,Female,Not Graduate,Self-Employed,42213.38,10505.84,360,843,3,0.3875,0.0,Personal,No,Approved
APP-12377,64,Male,Not Graduate,Salaried,41320.28,20386.71,12,794,1,0.5567,47699.29,Business,Yes,Rejected
APP-12378,57,Female,Graduate,Salaried,50819.32,24214.38,48,777,0,0.0796,0.0,Education,No,Approved
APP-12379,66,Female,Graduate,Self-Employed,96130.2,49383.7,36,745,3,0.3471,0.0,Vehicle,No,Approved
APP-12380,29,Female,Graduate,Self-Employed,126880.4,43554.7,60,607,1,0.5376,0.0,Home,Yes,Rejected
APP-12381,44,Male,Graduate,Self-Employed,68069.58,7087.94,60,698,3,0.559,12026.73,Home,No,Approved
APP-12382,25,Female,Graduate,Salaried,30044.46,5000.0,24,827,0,0.5504,7719.9,Home,No,Rejected
APP-12383,42,Female,Graduate,Self-Employed,44922.16,25366.58,60,715,0,0.4126,0.0,Vehicle,No,Rejected
APP-12384,63,Male,Not Graduate,Salaried,55843.09,26038.55,360,762,2,0.6464,64141.72,Home,No,Approved
APP-12385,21,Male,Not Graduate,Salaried,49143.55,26985.72,60,677,2,0.1588,54890.39,Home,Yes,Rejected
APP-12386,50,Female,Graduate,Self-Employed,42679.0,13242.74,24,737,2,0.1547,0.0,Education,No,Rejected
APP-12387,18,Female,Not Graduate,Salaried,47307.29,31735.18,180,595,0,0.0697,73926.01,Business,Yes,Rejected
APP-12388,36,Male,Graduate,Self-Employed,72121.4,28693.07,120,662,1,0.6436,0.0,Vehicle,No,Approved
APP-12389,48,Male,Graduate,Self-Employed,63901.0,10715.49,180,793,0,0.2588,0.0,Personal,No,Approved
APP-12390,33,Female,Graduate,Salaried,36131.39,28346.45,240,707,2,0.5072,58289.16,Home,No,Approved
APP-12391,31,Female,Not Graduate,Self-Employed,65934.0,30221.42,60,745,1,0.0858,0.0,Personal,No,Approved
APP-12392,70,Female,Graduate,Salaried,116096.92,62766.05,24,665,1,0.2292,0.0,Education,No,Approved
APP-12393,44,Female,Not Graduate,Salaried,23006.36,13103.46,180,525,2,0.4243,27778.72,Home,No,Rejected
APP-12394,22,Female,Not Graduate,Self-Employed,39392.68,13932.74,180,605,1,0.3649,0.0,Home,No,Approved
APP-12395,58,Male,Not Graduate,Self-Employed,37923.35,23636.48,240,677,1,0.1746,50431.04,Business,Yes,Rejected
APP-12396,43,Male,Graduate,Self-Employed,49143.55,36182.16,180,706,1,0.327,64772.46,Home,Yes,Rejected
APP-12397,45,Male,Not Graduate,Self-Employed,20000.0,7420.62,180,812,0,0.1153,12518.81,Business,No,Approved
APP-12398,19,Male,Not Graduate,Self-Employed,96814.0,54206.05,360,690,1,0.3756,0.0,Personal,No,Rejected
APP-12399,67,Female,Graduate,Self-Employed,50181.21,31613.49,240,608,1,0.1082,0.0,Personal,No,Approved
APP-12400,23,Female,,Salaried,56900.91,13262.93,24,677,1,0.4316,0.0,Personal,No,Rejected
APP-12401,26,Male,Graduate,Salaried,53699.46,17872.11,24,677,2,0.143,0.0,Education,No,Approved
APP-12402,50,Male,Graduate,Self-Employed,37863.15,6669.86,180,539,0,0.3783,0.0,Education,No,Rejected
APP-12403,44,Female,Graduate,Salaried,69517.04,36256.33,36,707,1,0.1275,0.0,Personal,Yes,Rejected
APP-12404,42,Female,Not Graduate,Salaried,49149.0,32470.71,12,579,2,0.2904,0.0,Personal,Yes,Rejected
APP-12405,65,Male,,Salaried,49143.55,10551.74,360,677,1,0.2611,0.0,Personal,No,Rejected
APP-12406,30,Female,Graduate,Self-Employed,46440.08,10488.43,36,677,2,0.5038,24889.0,Business,Yes,Rejected
APP-12407,26,Male,Not Graduate,Self-Employed,42668.4,20585.71,12,724,1,0.4347,36974.96,Business,No,Approved
APP-12408,70,Male,Graduate,Salaried,69450.59,47535.73,120,787,1,0.612,0.0,Personal,No,Approved
APP-12409,30,Male,Not Graduate,Salaried,189227.74,59021.52,48,700,2,0.6031,0.0,Personal,Yes,Approved
APP-12410,48,Male,Graduate,Self-Employed,59209.82,40431.78,12,721,0,0.485,0.0,Personal,No,Approved
APP-12411,58,Female,Graduate,Salaried,141477.97,91852.63,48,723,1,0.5124,0.0,Education,Yes,Rejected
APP-12412,28,Female,Graduate,Salaried,34783.1,5000.0,240,602,2,0.4249,0.0,Education,No,Approved
APP-12413,21,Female,Graduate,Salaried,35916.0,9611.78,180,669,1,0.465,13477.16,Home,No,Rejected
APP-12414,44,Male,Graduate,Salaried,43337.91,20804.78,12,483,2,0.4203,0.0,Personal,No,Rejected
APP-12415,55,Male,Not Graduate,Salaried,60633.09,36521.26,360,710,1,0.2371,0.0,Personal,No,Approved
APP-12416,63,Female,Not Graduate,Salaried,35585.68,25492.56,120,459,0,0.2604,46657.6,Home,No,Rejected
APP-12417,21,Female,Not Graduate,Salaried,21896.0,12015.19,24,747,0,0.3948,0.0,Vehicle,Yes,Approved
APP-12418,55,Female,Graduate,Self-Employed,49589.16,18161.58,36,677,2,0.4821,20852.96,Home,No,Rejected
APP-12419,36,Female,Graduate,Salaried,27681.04,6345.58,180,719,1,0.294,0.0,Education,No,Approved
APP-12420,23,Female,Graduate,Salaried,49143.55,54127.0,36,732,1,0.1356,0.0,Education,No,Approved
APP-12421,51,Female,Graduate,Salaried,67639.0,16554.37,36,776,1,0.3257,0.0,Education,No,Approved
APP-12422,35,Male,Not Graduate,Salaried,33531.4,19676.27,60,645,1,0.6279,0.0,Education,No,Approved
APP-12423,30,Female,Not Graduate,Salaried,61567.91,13966.57,36,578,1,0.1785,0.0,Education,No,Approved
APP-12424,58,Female,Not Graduate,Salaried,37269.13,6102.36,36,673,1,0.4394,0.0,Vehicle,Yes,Rejected
APP-12425,40,Female,Graduate,Salaried,47758.1,13170.26,60,618,2,0.6395,0.0,Education,No,Approved
APP-12426,36,Female,Graduate,Salaried,48009.98,14376.63,60,686,1,0.2757,0.0,Personal,No,Approved
APP-12427,62,Male,Graduate,Self-Employed,41447.58,22922.43,360,700,2,0.5827,48426.97,Business,No,Approved
APP-12428,28,Male,Not Graduate,Salaried,74260.91,15789.23,12,641,1,0.5684,0.0,Vehicle,Yes,Approved
APP-12429,18,Female,Graduate,Salaried,28012.84,21043.66,12,622,0,0.253,0.0,Personal,No,Approved
APP-12430,44,Male,Graduate,Self-Employed,64118.49,31293.23,360,507,0,0.1091,39985.79,Home,No,Approved
APP-12431,24,Male,Graduate,Salaried,57083.17,25325.07,60,666,0,0.1571,0.0,Education,No,Approved
APP-12432,42,Female,,Self-Employed,24287.39,9819.06,48,645,1,0.2694,0.0,Education,Yes,Approved
APP-12433,38,Male,Graduate,Self-Employed,32951.0,16364.36,24,650,2,0.6255,0.0,Home,No,Rejected
APP-12434,32,Female,Graduate,Salaried,28369.23,5000.0,360,738,0,0.2147,12124.49,Business,No,Approved
APP-12435,18,Female,Not Graduate,Self-Employed,40814.25,32368.17,120,677,3,0.6061,70613.73,Business,Yes,Approved
APP-12436,29,Male,Not Graduate,Self-Employed,50222.24,24622.31,360,651,1,0.1588,0.0,Vehicle,No,Approved
APP-12437,24,Male,Graduate,Self-Employed,30816.54,5000.0,60,710,1,0.6319,8399.6,Business,Yes,Rejected
APP-12438,44,Male,Graduate,Self-Employed,79583.68,40825.18,48,700,1,0.2262,0.0,Vehicle,No,Rejected
APP-12439,38,Male,Graduate,Salaried,83190.74,33771.71,180,770,2,0.43,48476.14,Home,No,Approved
APP-12440,36,Male,Not Graduate,Self-Employed,90872.24,10616.28,60,607,2,0.0918,0.0,Personal,Yes,Approved
APP-12441,44,Male,Not Graduate,Salaried,20000.0,14942.0,240,604,2,0.2298,0.0,Vehicle,No,Rejected
APP-12442,42,Female,Not Graduate,Salaried,129843.36,13944.76,240,614,3,0.1764,34248.57,Home,No,Approved
APP-12443,50,Female,Not Graduate,Salaried,53264.6,26872.53,24,498,2,0.0521,0.0,Business,No,Rejected
APP-12444,66,Female,Graduate,Salaried,50193.95,38812.65,60,676,2,0.1441,70316.71,Business,No,Approved
APP-12445,49,Male,,Salaried,46586.36,12407.03,240,595,3,0.4059,0.0,Education,No,Rejected
APP-12446,66,Female,Graduate,Self-Employed,25320.65,7037.25,36,677,2,0.284,13455.97,Home,No,Approved
APP-12447,52,Female,Not Graduate,Self-Employed,58681.0,5885.53,180,488,0,0.4835,0.0,Education,No,Rejected
APP-12448,61,Female,Graduate,Salaried,109751.3,16072.62,36,675,1,0.4526,0.0,Personal,No,Approved
APP-12449,55,Male,Graduate,Self-Employed,52945.0,6958.15,120,659,0,0.5296,0.0,Personal,No,Approved
APP-12450,43,Male,Graduate,Self-Employed,28069.86,18971.28,24,677,1,0.5702,27323.86,Home,No,Rejected
APP-12451,28,Male,Graduate,Salaried,22864.63,15678.65,120,759,0,0.5419,0.0,Vehicle,No,Rejected
APP-12452,52,Male,Graduate,Salaried,42318.86,25759.07,120,615,0,0.3188,49584.93,Home,No,Approved
APP-12453,25,Female,Graduate,Self-Employed,33792.0,11723.25,240,704,0,0.2352,0.0,Education,No,Approved
APP-12454,63,Male,Graduate,Salaried,69653.44,47007.58,60,629,0,0.3514,0.0,Education,No,Rejected
APP-12455,31,Male,Graduate,Self-Employed,97266.45,46478.01,12,812,1,0.3711,0.0,Personal,No,Approved
APP-12456,27,Female,Graduate,Salaried,49143.55,19405.83,240,669,2,0.2379,0.0,Education,Yes,Rejected
APP-12457,19,Male,Graduate,Salaried,46978.9,19077.84,360,734,0,0.374,31057.93,Home,No,Rejected
APP-12458,63,Female,Graduate,Salaried,45877.69,6699.86,12,677,1,0.1135,0.0,Education,No,Approved
APP-12459,26,Male,Graduate,Salaried,50794.42,38676.7,60,771,2,0.189,0.0,Vehicle,No,Approved
APP-12460,20,Female,Graduate,Salaried,27447.48,14639.98,120,677,5,0.4976,0.0,Personal,No,Approved
APP-12461,38,Male,Not Graduate,Salaried,49143.55,40533.63,48,574,1,0.1597,0.0,Education,No,Approved
APP-12462,43,Female,Not Graduate,Self-Employed,28555.12,16379.46,24,715,2,0.1334,0.0,Personal,No,Approved
APP-12463,25,Female,Graduate,Salaried,49143.55,48602.86,60,677,1,0.2224,0.0,Personal,No,Approved
APP-12464,65,Male,Graduate,Self-Employed,40879.19,5000.0,48,437,3,0.2726,0.0,Education,Yes,Rejected
APP-12465,19,Female,Graduate,Salaried,74265.71,34738.52,180,546,2,0.2471,0.0,Personal,No,Approved
APP-12466,23,Male,Not Graduate,Self-Employed,23467.35,15845.09,120,736,1,0.2748,0.0,Vehicle,Yes,Approved
APP-12467,45,Male,Graduate,Self-Employed,74004.4,9706.65,36,793,2,0.1339,11909.5,Home,No,Approved
APP-12468,70,Male,Not Graduate,Self-Employed,96883.42,74533.96,360,673,1,0.1492,86198.32,Home,Yes,Rejected
APP-12469,46,Male,Not Graduate,Self-Employed,25827.92,10251.41,48,744,0,0.1915,17241.88,Business,No,Approved
APP-12470,43,Male,Graduate,Salaried,46316.25,14030.44,60,688,0,0.2912,0.0,Personal,No,Approved
APP-12471,42,Male,Not Graduate,Self-Employed,57956.0,27371.27,36,682,2,0.2515,0.0,Personal,No,Approved
APP-12472,29,Male,Graduate,Self-Employed,59393.14,39249.95,240,668,2,0.5248,52160.84,Home,No,Rejected
APP-12473,22,Male,Graduate,Salaried,41366.37,17883.86,180,686,2,0.3653,44546.41,Home,No,Approved
APP-12474,51,Male,Not Graduate,Self-Employed,37876.0,20891.61,180,711,2,0.3954,0.0,Personal,No,Approved
APP-12475,65,Female,Graduate,Self-Employed,55638.54,25034.01,240,647,1,0.386,55518.84,Business,No,Approved
APP-12476,54,Female,Graduate,Salaried,58470.46,31684.59,180,677,1,0.2893,0.0,Education,No,Approved
APP-12477,32,Male,Graduate,Salaried,35821.28,7043.24,36,677,1,0.6383,14584.59,Business,No,Rejected
APP-12478,61,Male,Graduate,Self-Employed,32450.76,5000.0,36,677,5,0.0724,11123.23,Home,No,Approved
APP-12479,53,Female,Graduate,Self-Employed,89831.22,17591.74,24,662,2,0.1795,0.0,Personal,Yes,Approved
APP-12480,32,Female,Graduate,Salaried,51732.0,15524.12,12,675,0,0.2208,0.0,Personal,No,Rejected
APP-12481,60,Female,Graduate,Salaried,20000.0,5546.98,60,629,2,0.5788,0.0,Personal,No,Rejected
APP-12482,65,Male,Not Graduate,Salaried,90107.22,47812.94,48,712,3,0.6013,70182.04,Home,No,Approved
APP-12483,40,Female,Graduate,Self-Employed,36367.42,15242.41,24,649,1,0.5577,0.0,Personal,No,Rejected
APP-12484,23,Female,Graduate,Salaried,50684.23,6445.43,12,641,1,0.3002,15024.1,Business,No,Approved
APP-12485,63,Male,Graduate,Salaried,59126.36,7355.68,36,729,0,0.5988,0.0,Education,Yes,Approved
APP-12486,67,Male,,Salaried,23345.0,5000.0,120,772,0,0.1091,12469.45,Business,Yes,Approved
APP-12487,61,Female,,Salaried,42429.0,14729.68,24,596,2,0.4415,0.0,Personal,No,Rejected
APP-12488,60,Male,Graduate,Self-Employed,94730.1,9883.01,180,746,4,0.6123,0.0,Vehicle,No,Rejected
APP-12489,62,Male,Graduate,Salaried,84514.61,37675.86,180,779,0,0.5029,0.0,Education,No,Rejected
APP-12490,38,Female,Graduate,Salaried,42396.47,14943.43,36,538,0,0.2167,0.0,Personal,No,Approved
APP-12491,40,Female,,Salaried,70116.74,34273.69,12,612,1,0.4805,0.0,Education,No,Rejected
APP-12492,60,Male,Graduate,Salaried,74889.01,45276.22,360,777,1,0.2269,0.0,Personal,Yes,Rejected
APP-12493,33,Male,Graduate,Salaried,73002.63,20125.44,60,709,0,0.1169,0.0,Vehicle,No,Approved
APP-12494,64,Male,Graduate,Salaried,27639.12,5803.07,24,816,0,0.4803,0.0,Vehicle,No,Rejected
APP-12495,70,Female,Not Graduate,Self-Employed,111366.0,32812.52,240,665,2,0.158,0.0,Vehicle,No,Approved
APP-12496,32,Male,Graduate,Salaried,38873.91,5000.0,48,637,3,0.1166,7528.98,Home,No,Approved
APP-12497,42,Female,Graduate,Salaried,51775.3,9527.12,180,788,0,0.3811,0.0,Personal,No,Approved
APP-12498,53,Male,Graduate,Salaried,41124.51,25726.72,60,613,3,0.4224,63763.89,Home,No,Approved
APP-12499,28,Female,Not Graduate,Salaried,54989.0,14075.14,36,660,0,0.0806,21796.13,Business,No,Approved
APP-12500,44,Female,Not Graduate,Salaried,31820.56,25329.48,240,724,1,0.0527,28278.14,Home,No,Approved
APP-12501,32,Female,Graduate,Salaried,49143.55,9526.19,24,732,2,0.5792,15376.22,Home,No,Approved
APP-12502,21,Male,Not Graduate,Self-Employed,49143.55,35027.29,12,677,1,0.1192,87446.37,Business,Yes,Approved
APP-12503,38,Male,Not Graduate,Salaried,90429.38,53672.65,60,700,0,0.4003,0.0,Personal,No,Rejected
APP-12504,30,Male,Graduate,Self-Employed,85132.51,27709.99,48,656,2,0.6221,0.0,Home,No,Rejected
APP-12505,39,Male,Graduate,Salaried,87314.91,28946.41,180,545,0,0.3571,57580.54,Home,No,Rejected
APP-12506,36,Female,Graduate,Salaried,75684.31,37424.84,360,643,2,0.1339,77606.45,Business,No,Approved
APP-12507,51,Female,Graduate,Self-Employed,123418.67,85981.08,120,549,1,0.2861,0.0,Vehicle,No,Approved
APP-12508,31,Female,Not Graduate,Self-Employed,42401.0,15702.44,12,627,2,0.4244,22512.37,Home,No,Rejected
APP-12509,21,Female,,Salaried,45302.43,6470.36,240,583,1,0.5077,0.0,Vehicle,Yes,Rejected
APP-12510,65,Male,Graduate,Self-Employed,44379.3,16069.45,24,741,0,0.4142,20959.19,Home,No,Approved
APP-12511,70,Female,Graduate,Salaried,47545.13,11654.21,48,704,1,0.0706,0.0,Education,Yes,Approved
APP-12512,44,Male,Graduate,Salaried,23906.12,18107.57,36,803,1,0.1359,42366.55,Home,No,Approved
APP-12513,63,Male,,Salaried,55959.33,32909.24,120,606,1,0.2731,0.0,Vehicle,Yes,Rejected
APP-12514,44,Male,Graduate,Salaried,49143.55,8517.3,24,689,0,0.4734,0.0,Education,No,Approved
APP-12515,46,Male,Graduate,Salaried,43100.79,13149.71,60,591,1,0.4006,22075.06,Business,No,Approved
APP-12516,64,Male,Graduate,Salaried,20360.05,5000.0,360,629,2,0.0768,5528.75,Business,No,Approved
APP-12517,45,Male,Graduate,Salaried,49548.9,33743.38,36,648,1,0.5281,51018.11,Business,No,Rejected
APP-12518,52,Male,Not Graduate,Salaried,25658.92,18844.1,24,837,0,0.4131,25892.26,Business,Yes,Approved
APP-12519,25,Male,Not Graduate,Self-Employed,60697.36,10840.29,24,709,3,0.5823,0.0,Education,No,Rejected
APP-12520,33,Male,Not Graduate,Self-Employed,52034.17,21240.51,360,669,3,0.3006,0.0,Vehicle,Yes,Rejected
APP-12521,59,Male,Graduate,Salaried,54648.99,41113.44,120,766,0,0.3441,0.0,Personal,No,Approved
APP-12522,53,Female,Not Graduate,Salaried,28838.94,5815.32,24,733,2,0.2933,11312.43,Home,No,Approved
APP-12523,47,Female,Graduate,Salaried,92114.89,28033.56,36,675,1,0.4835,0.0,Education,No,Rejected
APP-12524,44,Female,Not Graduate,Self-Employed,53375.0,16706.08,12,734,0,0.5013,0.0,Vehicle,No,Approved
APP-12525,19,Male,Not Graduate,Self-Employed,31035.32,5000.0,24,655,1,0.4839,0.0,Vehicle,No,Rejected
APP-12526,66,Male,Graduate,Salaried,65501.01,8213.25,24,850,1,0.225,0.0,Vehicle,No,Rejected
APP-12527,30,Male,Graduate,Self-Employed,51475.83,39479.64,24,777,2,0.4316,0.0,Vehicle,No,Rejected
APP-12528,21,Male,Graduate,Self-Employed,122817.96,61380.1,180,647,1,0.253,0.0,Personal,No,Approved
APP-12529,43,Male,Graduate,Self-Employed,37181.36,11699.26,36,740,2,0.5505,21017.7,Business,Yes,Rejected
APP-12530,42,Male,Graduate,Salaried,26271.32,9590.93,48,723,0,0.0831,13046.15,Home,No,Approved
APP-12531,47,Male,Graduate,Salaried,56651.48,34012.98,24,702,2,0.0726,40174.44,Home,No,Approved
APP-12532,28,Male,Not Graduate,Salaried,81317.21,28994.63,60,721,0,0.111,0.0,Personal,No,Approved
APP-12533,24,Male,Graduate,Salaried,156605.4,40628.5,360,615,0,0.1714,0.0,Personal,Yes,Approved
APP-12534,48,Male,Graduate,Salaried,250000.0,42821.53,360,645,3,0.0726,0.0,Vehicle,No,Approved
APP-12535,61,Male,Graduate,Salaried,22561.0,13767.89,180,812,1,0.093,0.0,Education,No,Rejected
APP-12536,27,Male,Graduate,Self-Employed,45815.66,10372.46,240,677,1,0.2336,15962.67,Business,No,Approved
APP-12537,56,Female,Not Graduate,Salaried,26314.98,5000.0,60,623,1,0.1099,0.0,Vehicle,No,Approved
APP-12538,30,Male,Graduate,Salaried,43317.33,17277.9,60,668,2,0.5312,38501.19,Business,No,Rejected
APP-12539,48,Male,Not Graduate,Salaried,169163.65,21602.14,36,637,2,0.0823,0.0,Vehicle,No,Approved
APP-12540,24,Male,Graduate,Self-Employed,32537.36,25232.68,120,677,1,0.5948,42575.58,Home,No,Rejected
APP-12541,66,Male,Graduate,Self-Employed,48485.71,26138.89,12,635,0,0.5725,37983.77,Home,No,Approved
APP-12542,59,Male,Graduate,Salaried,36664.69,7585.48,36,683,3,0.175,0.0,Vehicle,No,Rejected
APP-12543,59,Female,Graduate,Salaried,29683.66,6551.71,24,626,0,0.0929,0.0,Personal,No,Approved
APP-12544,53,Female,Graduate,Salaried,120137.84,59934.36,180,677,1,0.1133,0.0,Personal,No,Approved
APP-12545,37,Female,Graduate,Salaried,22705.7,7937.82,360,730,2,0.3855,0.0,Vehicle,Yes,Approved
APP-12546,21,Male,Graduate,Self-Employed,47039.51,30198.74,48,727,0,0.4105,0.0,Vehicle,No,Approved
APP-12547,24,Female,Graduate,Salaried,51224.93,24693.72,180,735,2,0.2393,0.0,Education,No,Approved
APP-12548,18,Male,Graduate,Salaried,48217.39,19447.7,240,648,2,0.2281,0.0,Education,No,Approved
APP-12549,61,Female,Graduate,Salaried,41862.0,32405.17,24,801,2,0.3689,66714.17,Business,No,Approved
APP-12550,62,Female,Graduate,Salaried,109883.0,41042.44,180,674,1,0.2334,0.0,Education,No,Rejected
APP-12551,59,Male,Graduate,Salaried,20000.0,7608.55,36,821,0,0.611,10396.79,Business,Yes,Rejected
APP-12552,64,Male,Graduate,Self-Employed,60975.41,34514.56,240,654,2,0.2796,0.0,Personal,No,Approved
APP-12553,30,Female,Graduate,Salaried,62348.8,41563.89,120,737,1,0.1819,0.0,Education,No,Approved
APP-12554,39,Male,Graduate,Self-Employed,56584.75,30462.43,36,693,2,0.1376,0.0,Education,No,Rejected
APP-12555,38,Female,,Salaried,32356.75,19059.0,240,701,1,0.429,0.0,Education,No,Rejected
APP-12556,39,Male,Graduate,Salaried,89546.7,32331.02,36,546,2,0.246,54608.2,Home,No,Approved
APP-12557,45,Female,Graduate,Salaried,87333.56,38046.67,360,601,3,0.1633,79347.35,Home,Yes,Rejected
APP-12558,26,Male,Graduate,Salaried,31791.54,7563.99,36,800,5,0.216,0.0,Vehicle,Yes,Rejected
APP-12559,43,Female,Graduate,Salaried,26932.0,15517.29,12,576,0,0.2347,35764.98,Business,No,Approved
APP-12560,26,Male,Graduate,Salaried,24451.55,6235.55,24,751,1,0.4255,0.0,Personal,No,Approved
APP-12561,44,Male,Graduate,Salaried,54868.93,5535.16,48,850,0,0.155,0.0,Education,Yes,Approved
APP-12562,27,Male,Graduate,Self-Employed,50180.96,37818.05,24,724,0,0.4897,57856.64,Business,No,Rejected
APP-12563,44,Male,Graduate,Salaried,40922.94,12858.42,48,850,0,0.2329,0.0,Vehicle,No,Approved
APP-12564,59,Male,Graduate,Self-Employed,138781.86,32980.46,48,735,0,0.343,78054.18,Home,Yes,Approved
APP-12565,25,Female,Not Graduate,Self-Employed,38927.56,11199.56,48,701,1,0.4429,0.0,Education,No,Approved
APP-12566,41,Female,Not Graduate,Salaried,53838.81,17837.52,12,709,0,0.3762,37275.65,Business,Yes,Approved
APP-12567,33,Male,,Salaried,44482.33,19224.48,360,665,2,0.4473,22147.23,Home,Yes,Approved
APP-12568,66,Male,Not Graduate,Salaried,130818.0,19432.45,180,663,0,0.2436,0.0,Personal,No,Approved
APP-12569,43,Male,Graduate,Self-Employed,20000.0,5000.0,24,637,0,0.6281,11038.7,Home,No,Rejected
APP-12570,44,Male,Not Graduate,Salaried,41984.05,12806.71,36,713,1,0.3254,22955.74,Home,No,Approved
APP-12571,54,Female,Graduate,Salaried,66644.5,20462.28,240,850,3,0.2432,0.0,Personal,No,Approved
APP-12572,21,Female,Graduate,Salaried,43862.1,7998.36,180,793,0,0.2278,12422.13,Business,No,Approved
APP-12573,67,Male,Graduate,Salaried,25535.72,9789.22,48,696,1,0.0756,0.0,Education,Yes,Rejected
APP-12574,41,Female,Graduate,Salaried,53546.11,16000.65,48,729,2,0.4609,0.0,Education,No,Rejected
APP-12575,36,Female,Graduate,Self-Employed,21792.87,5000.0,360,673,2,0.2075,9638.5,Home,No,Approved
APP-12576,53,Male,Not Graduate,Salaried,68536.2,49346.38,60,793,0,0.6254,120336.31,Business,No,Approved
APP-12577,56,Male,Graduate,Self-Employed,39869.57,28714.6,60,549,1,0.1763,42486.8,Home,Yes,Rejected
APP-12578,44,Female,Not Graduate,Self-Employed,36653.49,9032.43,180,834,0,0.3677,15903.72,Home,No,Approved
APP-12579,42,Male,Not Graduate,Salaried,82708.54,17700.5,12,636,0,0.4913,0.0,Vehicle,No,Rejected
APP-12580,35,Male,Graduate,Salaried,29684.73,14340.84,36,649,1,0.5721,0.0,Education,No,Rejected
APP-12581,36,Male,Graduate,Salaried,22669.3,12276.05,24,582,2,0.1439,0.0,Education,No,Rejected
APP-12582,53,Female,Graduate,Salaried,31093.64,23950.8,120,692,1,0.6412,49519.19,Home,No,Rejected
APP-12583,27,Female,Graduate,Salaried,136421.0,49676.84,120,625,3,0.594,0.0,Personal,No,Approved
APP-12584,50,Female,Graduate,Salaried,29677.85,15810.58,12,773,1,0.6277,0.0,Vehicle,No,Approved
APP-12585,67,Female,Graduate,Salaried,58850.86,42062.28,120,734,2,0.5616,0.0,Personal,No,Rejected
APP-12586,22,Male,Graduate,Salaried,74732.97,31011.76,24,624,0,0.577,70526.47,Home,No,Rejected
APP-12587,64,Male,Graduate,Salaried,49143.55,5688.43,48,609,1,0.4093,10396.83,Home,No,Approved
APP-12588,66,Male,Graduate,Salaried,30662.0,11167.43,120,628,0,0.5572,0.0,Business,No,Rejected
APP-12589,52,Female,Graduate,Self-Employed,53641.55,10492.12,36,604,1,0.3704,16225.96,Home,No,Approved
APP-12590,61,Male,Graduate,Salaried,54866.66,6125.73,36,657,1,0.3729,0.0,Home,No,Rejected
APP-12591,51,Female,Graduate,Salaried,96163.83,60206.94,36,612,2,0.3875,111329.76,Home,Yes,Rejected
APP-12592,50,Male,Graduate,Salaried,33369.06,8906.09,48,773,0,0.6478,14160.18,Home,No,Approved
APP-12593,38,Male,Graduate,Self-Employed,40593.91,5000.0,360,640,1,0.1126,6735.01,Home,No,Approved
APP-12594,34,Female,Not Graduate,Salaried,202642.41,100000.0,48,726,0,0.5334,187695.76,Business,No,Approved
APP-12595,39,Male,Graduate,Self-Employed,20004.0,8214.69,48,726,1,0.214,0.0,Vehicle,Yes,Approved
APP-12596,65,Male,Graduate,Salaried,20000.0,5344.04,48,531,2,0.2667,6240.41,Home,Yes,Rejected
APP-12597,54,Male,Graduate,Salaried,24550.3,6971.13,180,737,3,0.0983,8025.2,Home,Yes,Approved
APP-12598,32,Female,Graduate,Salaried,85033.69,22821.05,60,543,2,0.2609,0.0,Vehicle,No,Rejected
APP-12599,52,Male,Graduate,Salaried,39374.0,9299.68,24,613,3,0.6445,0.0,Education,No,Rejected
APP-12600,45,Female,Graduate,Salaried,39366.74,27118.11,180,733,1,0.2882,0.0,Vehicle,No,Rejected
APP-12601,24,Female,Graduate,Salaried,30254.15,6632.68,36,689,1,0.4518,0.0,Vehicle,Yes,Approved
APP-12602,49,Male,Graduate,Salaried,49143.55,38275.6,12,652,2,0.1224,45563.39,Home,No,Approved
APP-12603,28,Female,Graduate,Salaried,24741.15,5000.0,360,537,0,0.6035,0.0,Education,No,Rejected
APP-12604,27,Male,Graduate,Salaried,36652.94,28027.22,60,757,1,0.547,0.0,Vehicle,No,Approved
APP-12605,26,Female,Graduate,Salaried,30859.0,16118.19,12,714,1,0.282,0.0,Education,Yes,Approved
APP-12606,44,Female,Graduate,Self-Employed,20000.0,14644.14,12,611,2,0.2591,0.0,Vehicle,Yes,Approved
APP-12607,30,Female,Graduate,Salaried,38595.1,14608.8,12,603,1,0.3094,0.0,Education,No,Approved
APP-12608,42,Male,Graduate,Salaried,47591.55,31765.95,360,762,0,0.2908,0.0,Home,No,Rejected
APP-12609,19,Male,Graduate,Salaried,33264.27,23203.76,240,704,1,0.2048,0.0,Personal,No,Approved
APP-12610,52,Male,Graduate,Self-Employed,42867.21,25380.15,120,571,4,0.6445,42379.31,Business,Yes,Rejected
APP-12611,24,Male,Graduate,Self-Employed,43420.5,7167.13,120,621,1,0.5363,0.0,Education,Yes,Rejected
APP-12612,38,Female,Not Graduate,Salaried,45866.36,5102.91,120,836,2,0.2108,9143.2,Home,No,Approved
APP-12613,35,Male,Graduate,Salaried,28939.88,6308.66,48,760,0,0.639,9972.47,Home,No,Rejected
APP-12614,20,Male,Graduate,Self-Employed,28120.53,5136.71,60,680,1,0.0593,7474.38,Home,No,Approved
APP-12615,59,Male,Graduate,Self-Employed,50185.09,30492.28,36,681,0,0.3127,48837.27,Business,No,Approved
APP-12616,56,Female,Graduate,Self-Employed,49143.55,11480.58,36,505,1,0.3917,0.0,Vehicle,No,Rejected
APP-12617,58,Female,Graduate,Self-Employed,44043.69,20619.74,180,784,2,0.073,28264.08,Home,No,Approved
APP-12618,66,Female,Not Graduate,Self-Employed,111051.0,30761.93,60,643,0,0.1466,0.0,Personal,No,Approved
APP-12619,28,Female,Graduate,Self-Employed,48078.4,10011.14,240,615,0,0.2049,20525.45,Home,No,Approved
APP-12620,56,Female,Not Graduate,Salaried,20000.0,5000.0,60,739,2,0.4821,6212.15,Business,No,Rejected
APP-12621,44,Female,Graduate,Salaried,53632.42,20390.72,48,629,1,0.6138,0.0,Vehicle,No,Rejected
APP-12622,63,Male,Not Graduate,Salaried,73809.68,45621.78,36,534,1,0.4247,83198.66,Home,No,Rejected
APP-12623,36,Male,Graduate,Self-Employed,32936.66,9161.72,24,677,2,0.3876,16193.87,Home,No,Rejected
APP-12624,21,Female,Not Graduate,Salaried,42214.68,24865.68,36,558,1,0.372,37862.8,Home,No,Approved
APP-12625,43,Female,Graduate,Salaried,31607.69,14035.66,180,675,1,0.2604,0.0,Personal,No,Approved
APP-12626,55,Male,Not Graduate,Salaried,38906.21,28005.02,240,705,0,0.5466,0.0,Personal,No,Approved
APP-12627,59,Male,Not Graduate,Salaried,35144.62,9244.45,60,677,1,0.3745,19271.91,Home,No,Approved
APP-12628,49,Female,Not Graduate,Salaried,60951.53,25331.44,12,658,2,0.1881,0.0,Personal,No,Approved
APP-12629,56,Female,Not Graduate,Salaried,112322.69,18832.62,36,804,1,0.1321,35732.19,Business,No,Approved
APP-12630,62,Male,Not Graduate,Salaried,49143.55,16878.73,48,805,0,0.6413,37694.71,Business,Yes,Approved
APP-12631,63,Male,Graduate,Self-Employed,22677.5,10314.1,48,606,1,0.0605,14746.41,Business,Yes,Rejected
APP-12632,53,Female,Not Graduate,Salaried,173636.04,100000.0,12,632,1,0.6101,0.0,Education,Yes,Rejected
APP-12633,57,Male,Graduate,Salaried,65607.76,15657.55,360,636,0,0.181,34574.84,Home,No,Rejected
APP-12634,54,Female,Not Graduate,Salaried,72637.4,18352.89,48,677,1,0.4445,0.0,Education,No,Rejected
APP-12635,50,Male,Graduate,Salaried,47483.0,25741.0,24,677,3,0.2309,38836.06,Home,No,Approved
APP-12636,53,Female,Graduate,Self-Employed,55070.23,20250.45,360,817,1,0.5659,0.0,Vehicle,No,Approved
APP-12637,20,Male,Graduate,Salaried,41319.39,18075.85,48,665,3,0.3761,0.0,Personal,No,Approved
APP-12638,26,Male,Graduate,Salaried,77022.12,52782.83,48,597,1,0.1346,68030.88,Home,No,Approved
APP-12639,25,Male,Graduate,Salaried,38611.23,17350.28,120,632,1,0.2119,0.0,Personal,No,Approved
APP-12640,50,Female,Not Graduate,Salaried,62610.43,34858.33,240,677,1,0.2422,0.0,Education,No,Approved
APP-12641,44,Female,Not Graduate,Salaried,79594.63,44552.5,60,659,3,0.5816,62795.94,Home,No,Rejected
APP-12642,58,Male,Not Graduate,Salaried,91396.96,60553.08,240,705,2,0.51,0.0,Vehicle,Yes,Rejected
APP-12643,56,Female,Not Graduate,Salaried,82122.83,44896.36,12,660,1,0.5478,0.0,Education,No,Approved
APP-12644,21,Female,Not Graduate,Salaried,29383.85,5000.0,48,677,4,0.0814,10277.0,Home,Yes,Rejected
APP-12645,30,Female,Graduate,Salaried,107621.22,36539.67,12,672,2,0.3973,0.0,Vehicle,No,Approved
APP-12646,66,Male,Not Graduate,Salaried,68331.73,54154.35,36,582,0,0.6495,0.0,Personal,No,Approved
APP-12647,19,Male,Not Graduate,Salaried,57113.55,13567.74,180,652,1,0.5211,0.0,Vehicle,Yes,Rejected
APP-12648,22,Female,Graduate,Self-Employed,60502.4,30899.2,12,850,3,0.122,0.0,Vehicle,No,Approved
APP-12649,61,Female,Not Graduate,Self-Employed,45288.35,31251.61,60,778,2,0.4573,0.0,Vehicle,No,Rejected
APP-12650,44,Male,Not Graduate,Salaried,38819.93,19821.11,12,587,1,0.4972,0.0,Personal,No,Rejected
APP-12651,49,Male,Not Graduate,Salaried,40771.86,14701.89,120,822,0,0.3585,0.0,Personal,No,Approved
APP-12652,38,Female,Graduate,Salaried,93345.57,14576.84,360,690,0,0.0973,28358.07,Home,No,Approved
APP-12653,25,Male,Graduate,Salaried,51048.22,18028.47,36,640,3,0.0708,0.0,Personal,Yes,Approved
APP-12654,55,Female,,Salaried,56435.8,12836.17,120,657,0,0.6127,0.0,Education,No,Rejected
APP-12655,25,Male,Graduate,Self-Employed,50517.29,39029.86,48,684,0,0.2045,0.0,Vehicle,Yes,Rejected
APP-12656,67,Male,Graduate,Self-Employed,35102.85,21080.04,120,766,0,0.2774,0.0,Personal,No,Rejected
APP-12657,20,Male,Graduate,Salaried,20000.0,12491.36,24,695,2,0.5272,0.0,Education,No,Approved
APP-12658,61,Female,Graduate,Salaried,71995.58,29171.06,48,677,0,0.4636,42564.42,Business,No,Rejected
APP-12659,20,Female,Not Graduate,Self-Employed,49143.55,12084.08,180,776,0,0.6311,0.0,Personal,No,Rejected
APP-12660,39,Female,Graduate,Salaried,48740.82,13974.07,120,648,2,0.1057,22516.6,Home,No,Approved
APP-12661,23,Male,Graduate,Salaried,28420.93,8008.95,360,704,0,0.4742,0.0,Education,Yes,Rejected
APP-12662,19,Male,Graduate,Self-Employed,121833.35,53697.51,180,715,1,0.0993,125953.4,Business,No,Approved
APP-12663,40,Male,Graduate,Self-Employed,41333.31,17471.01,12,690,1,0.0501,31456.67,Home,No,Approved
APP-12664,61,Female,Graduate,Self-Employed,55499.3,22387.63,120,719,0,0.1221,0.0,Personal,No,Approved
APP-12665,19,Male,Graduate,Salaried,34490.04,15423.4,36,624,1,0.42,29926.83,Home,Yes,Approved
APP-12666,55,Male,Graduate,Salaried,24962.77,19743.46,240,758,1,0.4557,0.0,Personal,Yes,Approved
APP-12667,34,Male,Graduate,Salaried,65829.05,20331.14,12,635,0,0.313,0.0,Personal,No,Approved
APP-12668,52,Male,Graduate,Salaried,23146.43,12283.54,24,716,1,0.0776,16766.88,Business,No,Rejected
APP-12669,51,Female,Not Graduate,Salaried,54968.7,14712.67,36,696,0,0.4304,0.0,Vehicle,No,Approved
APP-12670,40,Male,Not Graduate,Self-Employed,55048.59,23485.07,36,625,0,0.1015,30157.38,Business,No,Approved
APP-12671,47,Male,Not Graduate,Self-Employed,28004.44,6722.03,180,809,5,0.135,0.0,Education,No,Approved
APP-12672,69,Male,Not Graduate,Salaried,25636.99,12580.96,240,817,2,0.3575,0.0,Education,No,Approved
APP-12673,25,Female,Not Graduate,Salaried,33349.0,9521.41,360,606,2,0.2542,0.0,Personal,No,Rejected
APP-12674,39,Male,Not Graduate,Salaried,35818.0,5000.0,180,743,2,0.3289,8392.26,Business,No,Approved
APP-12675,61,Female,Graduate,Self-Employed,22814.07,15301.16,240,670,2,0.431,0.0,Personal,No,Approved
APP-12676,53,Male,Graduate,Salaried,27929.24,5300.37,120,626,3,0.146,12177.81,Business,No,Rejected
APP-12677,22,Female,Graduate,Self-Employed,49143.55,18209.31,24,709,0,0.5859,0.0,Education,No,Rejected
APP-12678,30,Male,Graduate,Salaried,132562.78,57535.47,12,746,0,0.3857,82695.34,Home,No,Approved
APP-12679,46,Male,Graduate,Salaried,81131.29,32674.49,36,677,0,0.0633,0.0,Education,No,Approved
APP-12680,48,Male,Graduate,Self-Employed,53117.4,32293.58,360,650,0,0.4271,0.0,Home,No,Approved
APP-12681,44,Male,Not Graduate,Salaried,86178.06,44618.14,180,786,1,0.3279,0.0,Vehicle,No,Approved
APP-12682,33,Female,Not Graduate,Salaried,87354.67,26796.9,24,789,1,0.471,0.0,Vehicle,No,Approved
APP-12683,59,Male,Graduate,Self-Employed,42087.67,5732.01,12,625,1,0.5204,0.0,Vehicle,Yes,Approved
APP-12684,47,Female,Graduate,Salaried,55767.58,35541.6,24,687,1,0.6133,70030.08,Home,No,Rejected
APP-12685,33,Male,Not Graduate,Salaried,79933.39,27718.42,36,553,3,0.649,64332.64,Home,No,Approved
APP-12686,29,Female,Graduate,Salaried,85582.51,61859.66,120,746,1,0.3798,0.0,Education,Yes,Approved
APP-12687,34,Male,Not Graduate,Salaried,85994.3,32380.27,360,786,1,0.3869,0.0,Education,No,Approved
APP-12688,33,Female,Graduate,Self-Employed,49143.55,17669.52,240,711,0,0.0635,42551.29,Home,No,Approved
APP-12689,29,Male,Graduate,Self-Employed,88214.43,66839.66,360,597,4,0.5691,166518.07,Home,No,Rejected
APP-12690,25,Male,Graduate,Self-Employed,124124.26,68989.1,240,809,3,0.0672,0.0,Personal,No,Approved
APP-12691,37,Male,Not Graduate,Salaried,103436.57,40282.57,180,842,5,0.4296,87338.25,Business,No,Approved
APP-12692,20,Male,Graduate,Salaried,28488.02,14163.66,120,645,3,0.1091,0.0,Education,No,Approved
APP-12693,33,Male,Graduate,Salaried,25122.0,12069.05,240,715,0,0.2215,14543.38,Business,No,Approved
APP-12694,47,Female,,Self-Employed,49143.55,31509.37,120,745,0,0.1342,0.0,Education,No,Approved
APP-12695,62,Male,Graduate,Salaried,102479.0,20780.15,24,742,1,0.1324,48623.3,Business,No,Approved
APP-12696,40,Male,Not Graduate,Self-Employed,54890.0,32327.76,360,683,1,0.0948,0.0,Vehicle,No,Approved
APP-12697,45,Female,Not Graduate,Self-Employed,43586.86,8784.07,360,823,1,0.2407,0.0,Home,No,Approved
APP-12698,68,Male,Graduate,Salaried,46859.33,5165.39,36,554,1,0.3042,6169.56,Home,No,Rejected
APP-12699,57,Female,Graduate,Salaried,81654.0,43876.46,360,555,3,0.3287,0.0,Personal,No,Approved
APP-12700,22,Male,Graduate,Salaried,41739.21,7589.84,24,678,0,0.314,0.0,Vehicle,No,Approved
APP-12701,37,Female,Graduate,Self-Employed,62347.4,39857.95,36,819,1,0.364,70442.21,Business,No,Approved
APP-12702,57,Female,Graduate,Salaried,45927.46,32432.88,120,772,1,0.5659,0.0,Personal,No,Rejected
APP-12703,61,Male,Graduate,Self-Employed,31439.84,23935.65,48,560,3,0.4291,33389.75,Home,No,Approved
APP-12704,18,Male,Graduate,Salaried,30231.95,17085.1,240,850,0,0.0604,29368.43,Home,No,Approved
APP-12705,47,Female,Graduate,Self-Employed,63745.55,27882.97,12,724,2,0.1538,0.0,Home,Yes,Rejected
APP-12706,38,Male,Not Graduate,Salaried,20000.0,6931.94,120,587,5,0.2594,0.0,Personal,No,Approved
APP-12707,37,Female,,Salaried,62295.0,27636.88,24,672,1,0.6194,58418.2,Home,No,Rejected
APP-12708,23,Female,Not Graduate,Self-Employed,45012.25,10498.95,120,757,1,0.0968,21360.86,Home,Yes,Approved
APP-12709,39,Female,Graduate,Salaried,78671.92,27054.95,12,780,1,0.4761,0.0,Education,No,Approved
APP-12710,35,Male,Graduate,Salaried,66219.62,39900.72,24,674,1,0.0699,0.0,Education,No,Approved
APP-12711,25,Male,Not Graduate,Self-Employed,50126.77,12641.77,360,677,1,0.268,27710.62,Business,No,Approved
APP-12712,56,Male,Graduate,Self-Employed,28747.83,8188.73,120,670,0,0.5121,0.0,Home,No,Rejected
APP-12713,49,Male,Graduate,Salaried,29536.5,18446.42,240,674,5,0.2564,0.0,Personal,No,Approved
APP-12714,50,Male,Not Graduate,Salaried,35508.15,7971.05,180,737,2,0.308,14085.9,Home,Yes,Rejected
APP-12715,70,Male,Not Graduate,Self-Employed,75682.0,20594.71,360,795,0,0.5932,0.0,Vehicle,Yes,Rejected
APP-12716,33,Male,Graduate,Salaried,118699.76,13328.0,360,589,1,0.0897,24191.77,Business,No,Approved
APP-12717,29,Male,Graduate,Salaried,57812.0,34920.32,48,661,1,0.3666,0.0,Personal,No,Rejected
APP-12718,55,Female,Graduate,Self-Employed,36511.79,19443.71,180,631,2,0.27,0.0,Vehicle,No,Rejected
APP-12719,69,Female,Graduate,Salaried,38464.38,22542.81,60,599,0,0.6283,54327.38,Home,No,Approved
APP-12720,51,Male,Graduate,Salaried,49143.55,9841.06,180,595,0,0.5262,19521.29,Business,No,Rejected
APP-12721,31,Female,Not Graduate,Self-Employed,82459.0,47922.19,48,681,1,0.1232,0.0,Personal,No,Approved
APP-12722,53,Male,Not Graduate,Salaried,38976.22,20168.78,12,594,1,0.6064,0.0,Education,No,Approved
APP-12723,44,Male,Graduate,Self-Employed,47962.0,17088.06,48,677,1,0.1767,36680.49,Business,No,Approved
APP-12724,44,Female,Not Graduate,Self-Employed,96028.0,39033.44,36,665,1,0.1009,0.0,Vehicle,No,Approved
APP-12725,44,Female,Not Graduate,Salaried,36910.86,18364.79,360,677,1,0.375,0.0,Vehicle,No,Rejected
APP-12726,62,Female,Graduate,Salaried,64765.63,28840.43,60,720,1,0.492,0.0,Vehicle,No,Approved
APP-12727,19,Male,Graduate,Salaried,49143.55,42238.18,48,641,3,0.4796,0.0,Vehicle,No,Rejected
APP-12728,58,Female,Not Graduate,Salaried,49143.55,11470.46,240,584,0,0.3704,0.0,Education,No,Rejected
APP-12729,38,Female,Graduate,Self-Employed,130230.2,62314.76,60,677,0,0.3456,124422.61,Home,No,Approved
APP-12730,19,Male,Graduate,Salaried,112727.27,46803.87,36,509,1,0.6317,0.0,Personal,No,Approved
APP-12731,44,Female,Not Graduate,Salaried,55912.8,23635.14,24,748,0,0.5423,56227.03,Home,No,Approved
APP-12732,26,Male,Graduate,Salaried,49143.55,14055.72,240,707,2,0.4692,0.0,Education,No,Approved
APP-12733,18,Male,,Salaried,33581.17,24078.72,24,641,1,0.1671,0.0,Vehicle,No,Approved
APP-12734,28,Male,Graduate,Salaried,54519.88,36694.02,240,607,1,0.5419,58676.68,Home,No,Rejected
APP-12735,20,Male,Graduate,Salaried,28423.87,15368.76,60,818,4,0.4999,0.0,Personal,No,Approved
APP-12736,69,Female,Not Graduate,Salaried,56076.44,33732.27,240,677,1,0.6452,57303.25,Business,Yes,Approved
APP-12737,40,Female,Not Graduate,Salaried,114010.72,14817.04,60,656,2,0.1298,24176.23,Business,Yes,Rejected
APP-12738,43,Female,Graduate,Salaried,50576.55,31397.63,12,644,0,0.4792,0.0,Education,No,Approved
APP-12739,21,Female,Graduate,Salaried,48559.0,21381.08,24,770,0,0.6374,0.0,Personal,No,Approved
APP-12740,35,Female,Graduate,Self-Employed,75102.0,24214.49,120,660,1,0.3276,0.0,Personal,No,Approved
APP-12741,23,Female,Graduate,Salaried,63730.45,12608.68,36,726,0,0.49,0.0,Education,No,Approved
APP-12742,52,Male,Graduate,Salaried,27607.55,5000.0,240,724,1,0.6352,10856.38,Business,No,Approved
APP-12743,39,Female,Not Graduate,Salaried,39041.6,5130.85,60,682,1,0.3785,0.0,Home,No,Approved
APP-12744,60,Male,Graduate,Salaried,126370.98,26949.54,36,693,0,0.4694,0.0,Education,Yes,Approved
APP-12745,32,Male,Graduate,Salaried,57683.28,6985.48,180,709,1,0.0621,16176.89,Business,No,Rejected
APP-12746,39,Female,Not Graduate,Self-Employed,29637.13,18163.1,240,592,1,0.3618,0.0,Vehicle,No,Approved
APP-12747,54,Male,Graduate,Salaried,44537.07,12204.49,48,625,1,0.2035,0.0,Business,No,Approved
APP-12748,69,Male,Graduate,Self-Employed,20104.65,7199.84,360,698,1,0.1287,0.0,Vehicle,No,Approved
APP-12749,59,Male,Graduate,Salaried,20000.0,13518.03,120,643,0,0.4752,21635.65,Business,No,Approved
APP-12750,29,Male,Not Graduate,Salaried,80108.37,14440.35,12,850,0,0.0735,0.0,Home,Yes,Approved
APP-12751,64,Female,Graduate,Salaried,48911.32,33500.14,60,690,1,0.5929,0.0,Personal,Yes,Rejected
APP-12752,66,Male,Graduate,Salaried,63540.86,34799.95,60,540,2,0.3607,45215.08,Business,No,Approved
APP-12753,59,Male,Graduate,Salaried,87460.49,29685.9,180,454,3,0.4389,0.0,Personal,No,Rejected
APP-12754,55,Male,,Salaried,58089.31,10599.27,180,745,0,0.2021,0.0,Vehicle,No,Approved
APP-12755,35,Male,Graduate,Salaried,70724.76,11602.04,120,691,1,0.1593,28750.55,Home,No,Approved
APP-12756,44,Female,Graduate,Salaried,55751.22,18668.86,240,795,0,0.1963,25859.25,Home,No,Approved
APP-12757,52,Male,Graduate,Salaried,93264.89,18488.77,24,628,0,0.1894,32037.36,Home,Yes,Rejected
APP-12758,47,Male,Graduate,Salaried,118981.54,34194.96,180,670,0,0.5687,0.0,Education,Yes,Rejected
APP-12759,41,Female,Graduate,Salaried,54164.74,7424.31,180,702,1,0.522,0.0,Personal,No,Approved
APP-12760,59,Female,Not Graduate,Salaried,53040.87,27395.92,48,667,0,0.5616,0.0,Vehicle,Yes,Rejected
APP-12761,47,Female,Graduate,Self-Employed,57531.05,11603.63,24,660,1,0.491,0.0,Vehicle,No,Rejected
APP-12762,31,Female,Graduate,Salaried,46501.38,29282.51,48,738,4,0.4361,0.0,Business,No,Rejected
APP-12763,23,Male,Not Graduate,Salaried,40129.0,10141.55,48,613,0,0.3667,15008.9,Business,Yes,Approved
APP-12764,20,Male,Graduate,Salaried,82798.73,54529.89,120,722,2,0.2093,0.0,Home,No,Approved
APP-12765,33,Female,Not Graduate,Self-Employed,40156.32,9353.11,180,826,0,0.4732,22370.3,Business,No,Approved
APP-12766,24,Female,,Salaried,39015.0,23602.29,36,812,0,0.132,0.0,Vehicle,No,Rejected
APP-12767,69,Male,Graduate,Self-Employed,76817.3,25591.86,12,535,1,0.3566,47889.64,Business,No,Approved
APP-12768,44,Male,Graduate,Salaried,79822.03,40564.28,36,677,1,0.1672,0.0,Education,No,Approved
APP-12769,26,Male,Graduate,Salaried,157429.93,20003.56,360,703,1,0.3529,0.0,Personal,No,Approved
APP-12770,32,Male,Graduate,Salaried,90204.26,40291.64,12,782,2,0.226,76966.79,Home,No,Approved
APP-12771,38,Female,Graduate,Salaried,74125.42,15127.63,240,696,0,0.0821,16815.36,Business,Yes,Approved
APP-12772,52,Female,Graduate,Self-Employed,79671.89,35089.43,24,782,0,0.3522,0.0,Personal,No,Approved
APP-12773,19,Male,Graduate,Salaried,45526.88,9057.64,120,626,2,0.1591,0.0,Personal,No,Approved
APP-12774,44,Female,Not Graduate,Salaried,64932.76,26360.26,36,706,0,0.1467,53086.71,Home,No,Approved
APP-12775,19,Male,Graduate,Salaried,66490.94,11797.79,180,708,1,0.2806,18037.56,Business,No,Rejected
APP-12776,52,Male,Not Graduate,Salaried,37383.0,9493.94,24,785,0,0.2671,0.0,Education,No,Rejected
APP-12777,35,Male,Not Graduate,Salaried,47835.71,24709.79,48,752,1,0.5702,44941.74,Home,Yes,Rejected
APP-12778,31,Male,Not Graduate,Salaried,78920.49,61847.02,360,735,0,0.3888,114014.63,Business,No,Approved
APP-12779,37,Male,Not Graduate,Salaried,48569.22,20128.51,120,747,1,0.5627,0.0,Education,No,Approved
APP-12780,35,Female,Graduate,Salaried,66555.12,38669.96,48,677,1,0.1381,0.0,Vehicle,No,Approved
APP-12781,27,Female,Graduate,Self-Employed,49143.55,36658.89,24,666,0,0.2644,70719.19,Home,No,Rejected
APP-12782,42,Male,Graduate,Salaried,74987.12,33658.01,360,599,1,0.3832,0.0,Personal,No,Rejected
APP-12783,19,Female,Graduate,Salaried,116462.56,16921.19,48,627,0,0.1419,38122.68,Business,No,Approved
APP-12784,44,Female,Graduate,Salaried,36656.98,7368.35,360,666,1,0.1268,0.0,Vehicle,Yes,Approved
APP-12785,50,Female,Not Graduate,Self-Employed,111441.97,80030.98,24,499,0,0.4468,121527.72,Business,No,Rejected
APP-12786,53,Female,Graduate,Salaried,62140.0,24055.16,180,668,1,0.4423,0.0,Personal,No,Rejected
APP-12787,48,Female,Not Graduate,Salaried,74386.07,39427.05,60,617,0,0.1905,0.0,Home,No,Approved
APP-12788,31,Male,Not Graduate,Self-Employed,69457.88,32628.76,240,595,1,0.1863,47593.16,Business,No,Approved
APP-12789,18,Female,,Salaried,67722.71,24733.53,240,687,1,0.497,0.0,Vehicle,No,Approved
APP-12790,63,Male,,Self-Employed,35643.0,13240.45,48,648,0,0.1202,0.0,Vehicle,No,Approved
APP-12791,33,Female,Not Graduate,Salaried,73031.26,35699.54,48,707,2,0.604,0.0,Education,Yes,Approved
APP-12792,63,Female,Not Graduate,Salaried,23874.93,5000.0,240,628,0,0.6162,10531.03,Home,No,Rejected
APP-12793,69,Male,Graduate,Self-Employed,139753.16,51859.79,36,677,1,0.5726,0.0,Education,No,Approved
APP-12794,20,Female,Graduate,Self-Employed,59332.0,24497.31,180,850,0,0.1764,0.0,Education,No,Approved
APP-12795,52,Male,Not Graduate,Salaried,87551.75,69129.84,240,729,1,0.0601,97878.24,Home,No,Approved
APP-12796,58,Female,Not Graduate,Self-Employed,68934.0,23852.52,240,612,0,0.612,26265.7,Business,No,Approved
APP-12797,23,Female,Graduate,Salaried,49926.0,27519.35,48,779,2,0.2564,0.0,Personal,No,Approved
APP-12798,42,Male,Graduate,Self-Employed,37407.45,7339.0,360,803,0,0.2362,14915.13,Business,Yes,Approved
APP-12799,44,Male,Not Graduate,Salaried,34024.34,5000.0,48,727,1,0.207,0.0,Personal,Yes,Rejected
APP-12800,70,Male,Graduate,Salaried,72379.85,51395.44,240,617,2,0.1967,67844.51,Home,No,Approved
APP-12801,51,Female,Not Graduate,Self-Employed,70509.03,43117.29,120,762,0,0.4907,0.0,Vehicle,No,Approved
APP-12802,44,Female,,Self-Employed,64810.59,20885.18,60,677,0,0.5947,0.0,Vehicle,Yes,Rejected
APP-12803,38,Male,Graduate,Salaried,46217.64,20946.05,48,677,1,0.5216,51104.06,Home,No,Approved
APP-12804,51,Female,Graduate,Salaried,60271.7,11754.24,60,660,2,0.455,0.0,Vehicle,No,Approved
APP-12805,21,Male,Graduate,Salaried,39678.84,23609.39,12,657,1,0.2227,45947.89,Business,Yes,Rejected
APP-12806,42,Female,Graduate,Salaried,34877.2,5204.77,180,677,2,0.3782,11916.39,Business,No,Approved
APP-12807,32,Male,Graduate,Salaried,42673.68,26881.14,240,792,3,0.1922,59887.69,Business,Yes,Rejected
APP-12808,21,Female,Graduate,Salaried,43622.78,21060.45,360,850,1,0.1169,0.0,Personal,No,Approved
APP-12809,62,Male,Graduate,Salaried,101936.09,30091.06,36,682,2,0.1222,0.0,Personal,Yes,Rejected
APP-12810,29,Male,Not Graduate,Self-Employed,24772.39,17434.86,360,647,2,0.4123,0.0,Personal,No,Approved
APP-12811,49,Female,Graduate,Salaried,48217.85,38104.17,60,614,2,0.0731,0.0,Personal,No,Approved
APP-12812,49,Male,Graduate,Salaried,67250.06,18698.5,120,677,2,0.634,35170.32,Home,Yes,Rejected
APP-12813,45,Male,Graduate,Salaried,132292.05,87891.17,12,599,0,0.6473,0.0,Education,Yes,Rejected
APP-12814,30,Male,Graduate,Salaried,36180.76,22617.19,360,698,1,0.1397,0.0,Business,No,Approved
APP-12815,48,Male,Graduate,Salaried,28058.0,17481.27,360,764,1,0.3064,0.0,Vehicle,No,Approved
APP-12816,31,Male,Not Graduate,Salaried,70368.38,54188.22,120,607,1,0.5108,92861.86,Home,Yes,Rejected
APP-12817,44,Male,Not Graduate,Self-Employed,53232.75,23456.05,240,742,2,0.623,0.0,Vehicle,No,Approved
APP-12818,35,Male,Not Graduate,Self-Employed,43896.99,25105.46,48,611,2,0.5848,45077.3,Home,No,Approved
APP-12819,46,Male,Graduate,Self-Employed,61011.27,41287.19,60,620,2,0.2029,91830.32,Business,No,Approved
APP-12820,23,Male,Graduate,Self-Employed,49143.55,32861.74,60,594,1,0.1011,65612.77,Business,No,Rejected
APP-12821,49,Male,Graduate,Salaried,70864.15,30967.76,180,786,0,0.2232,42983.38,Business,No,Approved
APP-12822,46,Female,Graduate,Self-Employed,57003.24,18415.37,180,808,0,0.3123,0.0,Vehicle,No,Approved
APP-12823,60,Male,Not Graduate,Salaried,94693.7,61226.86,180,621,0,0.266,0.0,Personal,No,Rejected
APP-12824,19,Male,Not Graduate,Salaried,54105.85,31399.63,60,615,1,0.5143,61326.53,Home,Yes,Rejected
APP-12825,40,Female,Graduate,Salaried,50089.19,20826.98,48,729,3,0.2047,0.0,Vehicle,Yes,Rejected
APP-12826,36,Female,Graduate,Salaried,70049.0,27566.66,240,818,2,0.5652,45940.75,Business,No,Rejected
APP-12827,48,Male,Graduate,Salaried,26101.16,5000.0,12,809,1,0.1854,0.0,Vehicle,Yes,Approved
APP-12828,68,Female,Not Graduate,Salaried,66694.49,6972.96,12,677,2,0.2668,0.0,Education,Yes,Approved
APP-12829,22,Female,Graduate,Self-Employed,42124.74,19808.14,120,665,0,0.3187,0.0,Personal,No,Rejected
APP-12830,36,Female,Graduate,Salaried,25210.0,9888.61,24,581,1,0.2247,11726.08,Business,Yes,Approved
APP-12831,51,Female,Graduate,Salaried,60632.86,39849.48,36,648,2,0.51,65105.16,Home,No,Rejected
APP-12832,27,Female,Not Graduate,Self-Employed,38982.33,18705.98,48,687,0,0.2957,0.0,Vehicle,No,Approved
APP-12833,42,Male,Not Graduate,Salaried,21867.52,16525.16,24,572,0,0.5822,23443.29,Home,No,Rejected
APP-12834,19,Female,Graduate,Salaried,31711.35,7525.06,180,636,0,0.6282,0.0,Education,Yes,Approved
APP-12835,28,Female,Not Graduate,Salaried,114099.44,90492.86,12,697,5,0.5659,205782.42,Home,No,Approved
APP-12836,67,Male,Graduate,Self-Employed,37110.39,11450.17,36,558,3,0.3636,14278.35,Business,Yes,Approved
APP-12837,48,Male,Not Graduate,Salaried,57611.89,31669.07,24,717,1,0.3559,0.0,Education,No,Approved
APP-12838,32,Male,Not Graduate,Salaried,28507.88,12865.54,360,761,3,0.1795,20647.56,Home,No,Approved
APP-12839,26,Male,Graduate,Salaried,140149.4,49291.03,240,725,0,0.4054,0.0,Vehicle,Yes,Rejected
APP-12840,40,Female,Graduate,Salaried,50750.08,10023.97,36,640,1,0.6216,0.0,Vehicle,No,Approved
APP-12841,36,Female,Graduate,Salaried,34820.9,6768.62,60,773,1,0.0984,15949.23,Business,Yes,Rejected
APP-12842,26,Female,Graduate,Self-Employed,76309.08,45636.96,36,790,0,0.5015,0.0,Personal,No,Rejected
APP-12843,52,Female,Not Graduate,Self-Employed,136639.27,49784.38,120,705,0,0.5717,78133.77,Business,No,Approved
APP-12844,38,Male,Graduate,Salaried,39969.44,30892.72,60,691,2,0.642,0.0,Vehicle,No,Approved
APP-12845,26,Male,Not Graduate,Self-Employed,34474.58,11306.07,24,630,2,0.2509,0.0,Education,No,Approved
APP-12846,45,Female,Graduate,Salaried,154442.99,100000.0,240,647,2,0.2633,194901.39,Business,No,Approved
APP-12847,63,Female,Graduate,Self-Employed,46104.0,11240.05,120,765,3,0.1879,0.0,Business,No,Approved
APP-12848,68,Female,Graduate,Salaried,43551.47,7489.55,36,827,4,0.5234,12156.36,Home,No,Approved
APP-12849,44,Female,Graduate,Self-Employed,20000.0,6375.98,12,646,1,0.134,0.0,Vehicle,No,Approved
APP-12850,33,Male,Graduate,Salaried,48202.59,34701.5,60,666,5,0.2107,48028.04,Home,No,Approved
APP-12851,33,Male,Graduate,Salaried,24885.16,11578.97,24,628,1,0.2272,0.0,Education,Yes,Approved
APP-12852,50,Female,Graduate,Salaried,37047.4,7222.58,24,677,0,0.275,0.0,Vehicle,No,Rejected
APP-12853,21,Female,Not Graduate,Salaried,20000.0,5000.0,360,579,1,0.303,0.0,Education,No,Rejected
APP-12854,21,Male,Not Graduate,Salaried,90905.36,28897.22,180,714,3,0.3854,0.0,Vehicle,No,Approved
APP-12855,56,Male,Graduate,Self-Employed,23545.61,12081.65,120,677,3,0.619,18799.11,Business,No,Rejected
APP-12856,57,Male,Not Graduate,Salaried,20000.0,6653.31,12,636,2,0.1984,13241.84,Home,No,Approved
APP-12857,34,Female,Not Graduate,Salaried,31128.88,19391.36,24,675,1,0.5175,0.0,Education,No,Approved
APP-12858,54,Male,Graduate,Self-Employed,91461.03,48602.89,180,574,0,0.4558,0.0,Personal,Yes,Rejected
APP-12859,56,Male,Not Graduate,Salaried,39242.02,27927.63,36,618,2,0.1196,0.0,Education,No,Approved
APP-12860,69,Male,Graduate,Self-Employed,41955.74,18908.33,24,589,3,0.5362,0.0,Personal,No,Rejected
APP-12861,46,Male,Graduate,Salaried,62269.34,20662.43,120,767,0,0.1044,0.0,Education,No,Approved
APP-12862,69,Female,Graduate,Self-Employed,45441.04,36234.24,240,677,2,0.4934,0.0,Personal,No,Rejected
APP-12863,53,Male,Not Graduate,Salaried,91033.19,31765.42,240,616,1,0.4795,0.0,Personal,No,Rejected
APP-12864,55,Female,Graduate,Salaried,43485.59,17395.19,24,677,2,0.4636,28160.17,Home,No,Approved
APP-12865,56,Female,Graduate,Salaried,43843.24,29216.66,120,605,1,0.216,38377.39,Home,No,Approved
APP-12866,67,Female,Graduate,Salaried,152070.06,24642.25,60,646,0,0.394,0.0,Personal,Yes,Approved
APP-12867,54,Male,Graduate,Self-Employed,49143.55,18672.31,180,677,2,0.5069,24187.75,Business,No,Rejected
APP-12868,69,Male,Graduate,Salaried,55010.83,8801.57,48,726,0,0.4326,19694.92,Business,No,Approved
APP-12869,52,Female,Graduate,Salaried,44125.24,8715.36,24,654,0,0.5326,0.0,Personal,No,Approved
APP-12870,24,Female,Graduate,Salaried,20000.0,5000.0,36,767,2,0.4627,10072.91,Home,No,Approved
APP-12871,44,Female,Not Graduate,Self-Employed,75844.1,8091.12,360,775,2,0.2147,0.0,Education,No,Rejected
APP-12872,45,Male,Graduate,Salaried,112450.26,41179.46,240,679,0,0.1418,87269.29,Business,No,Approved
APP-12873,39,Male,Graduate,Self-Employed,91845.0,61206.85,360,667,2,0.4292,0.0,Education,No,Approved
APP-12874,31,Male,Graduate,Salaried,37084.68,18946.68,60,631,2,0.5059,33792.46,Home,No,Rejected
APP-12875,24,Female,,Salaried,44954.06,24474.78,60,596,1,0.1354,0.0,Vehicle,No,Approved
APP-12876,54,Male,Not Graduate,Salaried,58372.0,27053.99,180,615,0,0.1549,0.0,Education,No,Approved
APP-12877,39,Male,Graduate,Self-Employed,57352.27,38647.13,180,723,2,0.0572,67255.58,Home,No,Rejected
APP-12878,22,Male,Graduate,Self-Employed,49143.55,49354.29,12,680,3,0.369,68879.35,Home,No,Rejected
APP-12879,19,Male,Graduate,Salaried,54259.35,37700.4,60,660,0,0.3754,50355.5,Home,No,Approved
APP-12880,44,Male,Graduate,Salaried,40918.44,27353.67,240,634,1,0.35,35983.17,Business,No,Approved
APP-12881,44,Male,Not Graduate,Self-Employed,52494.98,11963.56,180,636,0,0.2396,29771.37,Home,No,Approved
APP-12882,55,Male,Graduate,Salaried,80772.56,41655.49,24,676,1,0.3067,0.0,Education,Yes,Rejected
APP-12883,32,Male,Graduate,Salaried,49143.55,100000.0,240,670,2,0.5097,0.0,Vehicle,No,Rejected
APP-12884,38,Male,Graduate,Salaried,38197.65,17936.12,24,679,0,0.1591,0.0,Personal,No,Approved
APP-12885,27,Male,Graduate,Salaried,54890.87,23963.65,12,644,0,0.1709,0.0,Vehicle,No,Approved
APP-12886,40,Female,Graduate,Salaried,40878.49,6639.46,36,626,0,0.4502,0.0,Vehicle,No,Approved
APP-12887,56,Female,Graduate,Salaried,57169.5,9805.38,36,680,2,0.57,22054.74,Business,No,Rejected
APP-12888,22,Male,Not Graduate,Salaried,79843.71,58413.43,120,731,1,0.2542,115458.9,Business,No,Approved
APP-12889,18,Male,Graduate,Self-Employed,44176.05,23905.01,36,639,1,0.6096,0.0,Personal,No,Approved
APP-12890,30,Female,Not Graduate,Salaried,20000.0,5672.44,180,489,0,0.0846,0.0,Personal,No,Approved
APP-12891,38,Female,Graduate,Self-Employed,81984.61,24227.29,240,570,2,0.1211,33922.22,Business,No,Approved
APP-12892,43,Female,Graduate,Salaried,52323.95,27581.86,36,765,0,0.326,43378.61,Business,No,Approved
APP-12893,67,Female,Graduate,Self-Employed,41315.13,15900.31,360,759,0,0.4841,0.0,Vehicle,Yes,Rejected
APP-12894,62,Male,Graduate,Salaried,36951.3,15110.38,12,731,3,0.2725,24042.13,Home,No,Rejected
APP-12895,38,Male,Graduate,Self-Employed,57274.02,8158.97,36,721,2,0.3828,0.0,Personal,No,Approved
APP-12896,70,Male,Graduate,Salaried,34615.73,6823.36,36,761,0,0.0671,12068.77,Business,No,Approved
APP-12897,35,Male,Graduate,Self-Employed,49143.55,13774.68,180,652,1,0.3271,23290.17,Business,No,Approved
APP-12898,54,Female,Graduate,Salaried,26257.07,15485.91,60,691,0,0.1955,37287.2,Home,No,Rejected
APP-12899,62,Female,Graduate,Salaried,34850.35,5000.0,48,618,4,0.3598,10545.67,Home,No,Rejected
APP-12900,49,Male,Graduate,Self-Employed,67200.23,22457.68,24,665,1,0.3655,27262.89,Home,Yes,Approved
APP-12901,53,Male,Graduate,Salaried,24573.28,14413.47,180,831,2,0.5019,23118.33,Home,No,Approved
APP-12902,34,Male,Graduate,Salaried,87206.46,57071.01,36,613,0,0.3739,73401.75,Business,No,Rejected
APP-12903,52,Male,Graduate,Self-Employed,27187.79,6338.96,180,586,1,0.4186,9452.0,Home,No,Approved
APP-12904,66,Male,Graduate,Salaried,52837.05,32338.44,180,664,2,0.3678,0.0,Education,No,Approved
APP-12905,28,Female,Graduate,Salaried,62472.04,48027.77,24,648,1,0.6442,0.0,Education,No,Approved
APP-12906,38,Male,Graduate,Self-Employed,74037.05,54400.09,180,701,1,0.525,0.0,Education,No,Approved
APP-12907,69,Female,Graduate,Salaried,74046.31,48319.9,120,743,1,0.5034,118018.95,Business,No,Approved
APP-12908,70,Male,Not Graduate,Self-Employed,47003.93,28137.9,48,650,0,0.4264,58734.18,Home,No,Approved
APP-12909,43,Female,Graduate,Salaried,44991.29,11904.55,60,677,2,0.367,0.0,Personal,Yes,Approved
APP-12910,21,Male,Graduate,Self-Employed,66056.6,35917.1,240,778,2,0.2569,39903.65,Business,Yes,Approved
APP-12911,51,Female,Graduate,Salaried,56331.75,30998.9,60,618,2,0.5204,48370.86,Home,No,Rejected
APP-12912,69,Female,Graduate,Self-Employed,41236.92,15866.93,36,673,1,0.1638,27198.81,Home,No,Approved
APP-12913,65,Female,Not Graduate,Salaried,59011.42,26266.62,24,722,0,0.0719,0.0,Education,No,Approved
APP-12914,35,Male,Graduate,Salaried,45090.92,26415.16,120,613,3,0.4689,0.0,Education,No,Approved
APP-12915,57,Female,Not Graduate,Salaried,36305.78,27827.33,120,514,0,0.1369,0.0,Education,No,Rejected
APP-12916,52,Female,Not Graduate,Salaried,40571.85,12443.97,180,677,1,0.5923,22394.39,Business,No,Approved
APP-12917,58,Male,Graduate,Self-Employed,62517.98,17033.29,240,591,2,0.5124,0.0,Vehicle,No,Rejected
APP-12918,46,Male,Not Graduate,Self-Employed,30821.14,16065.98,48,748,3,0.4113,0.0,Vehicle,No,Approved
APP-12919,69,Male,Graduate,Salaried,85235.04,16327.57,240,736,2,0.2384,0.0,Education,Yes,Rejected
APP-12920,46,Male,Graduate,Self-Employed,49143.55,18838.2,12,677,1,0.4328,0.0,Vehicle,No,Rejected
APP-12921,55,Male,Graduate,Salaried,20000.0,5000.0,120,677,2,0.3361,5988.41,Home,Yes,Approved
APP-12922,59,Female,,Salaried,64619.48,28652.84,120,685,1,0.2247,0.0,Education,No,Approved
APP-12923,38,Male,Graduate,Salaried,20000.0,10685.8,36,691,2,0.617,13703.07,Home,No,Approved
APP-12924,59,Male,Graduate,Salaried,29556.0,5000.0,360,556,1,0.1471,9134.4,Home,No,Approved
APP-12925,30,Male,Graduate,Salaried,164592.53,40303.31,60,511,0,0.502,58217.97,Business,No,Rejected
APP-12926,66,Female,Graduate,Self-Employed,83282.74,27879.9,12,660,3,0.53,0.0,Vehicle,Yes,Approved
APP-12927,58,Female,Not Graduate,Salaried,79912.53,28610.21,180,783,4,0.6211,37246.75,Home,No,Rejected
APP-12928,34,Male,Graduate,Self-Employed,28017.66,16061.78,36,531,1,0.3796,24142.33,Home,No,Approved
APP-12929,26,Female,Graduate,Salaried,44653.36,21001.14,48,691,1,0.3709,0.0,Personal,No,Approved
APP-12930,58,Male,Graduate,Self-Employed,91191.32,33510.62,120,686,0,0.6022,0.0,Education,No,Rejected
APP-12931,18,Female,Graduate,Salaried,67495.67,28042.65,240,779,3,0.5307,34758.05,Home,No,Approved
APP-12932,19,Male,Not Graduate,Salaried,86502.49,9436.01,48,677,3,0.508,14131.15,Home,No,Approved
APP-12933,65,Male,Not Graduate,Salaried,119463.67,76381.21,360,691,1,0.5235,0.0,Vehicle,No,Approved
APP-12934,46,Female,Graduate,Self-Employed,68190.0,8776.29,240,672,3,0.3459,20305.75,Business,No,Approved
APP-12935,50,Female,Not Graduate,Salaried,26493.59,18029.48,120,622,1,0.0749,27585.81,Home,No,Approved
APP-12936,27,Female,Not Graduate,Salaried,49143.55,31650.36,180,588,0,0.169,55651.17,Business,No,Approved
APP-12937,67,Female,Graduate,Salaried,43574.81,20457.22,240,629,0,0.4358,37390.31,Business,Yes,Approved
APP-12938,57,Male,Graduate,Self-Employed,25708.32,15250.3,24,591,3,0.2877,20581.91,Business,No,Rejected
APP-12939,38,Female,Graduate,Salaried,76671.0,53799.4,60,677,1,0.4141,0.0,Personal,No,Approved
APP-12940,45,Male,Not Graduate,Salaried,89414.35,67941.7,180,677,0,0.381,116757.69,Home,No,Rejected
APP-12941,28,Female,Graduate,Salaried,46772.48,22467.58,240,658,3,0.3132,0.0,Vehicle,No,Approved
APP-12942,44,Male,Graduate,Salaried,57540.14,11822.24,60,688,0,0.1908,0.0,Personal,No,Approved
APP-12943,25,Male,Graduate,Salaried,20000.0,14300.83,36,643,1,0.4814,0.0,Education,No,Approved
APP-12944,39,Male,Graduate,Self-Employed,49143.55,11046.07,120,677,1,0.5954,0.0,Personal,No,Rejected
APP-12945,25,Female,,Self-Employed,72884.46,48478.08,60,698,1,0.512,111217.13,Business,Yes,Approved
APP-12946,44,Male,Not Graduate,Self-Employed,55554.06,32015.53,240,641,0,0.122,0.0,Personal,No,Approved
APP-12947,32,Female,Not Graduate,Salaried,26206.83,19217.71,360,586,1,0.3728,23306.05,Business,No,Rejected
APP-12948,34,Female,Not Graduate,Salaried,21543.0,15688.24,360,673,0,0.5512,37525.45,Home,No,Approved
APP-12949,40,Male,Graduate,Salaried,135034.79,18527.83,120,771,2,0.4046,42976.39,Business,No,Approved
APP-12950,41,Female,Not Graduate,Salaried,29739.0,15660.93,48,727,0,0.3137,35991.34,Home,Yes,Approved
APP-12951,62,Female,Not Graduate,Self-Employed,52422.55,9817.17,48,740,0,0.2207,13527.67,Home,No,Approved
APP-12952,36,Female,Graduate,Salaried,30201.71,5000.0,360,737,2,0.2482,0.0,Vehicle,No,Approved
APP-12953,22,Female,Graduate,Self-Employed,20000.0,8275.88,48,777,1,0.1953,0.0,Personal,No,Approved
APP-12954,49,Male,Graduate,Salaried,61328.72,10322.74,240,748,1,0.1674,18354.23,Business,Yes,Rejected
APP-12955,61,Female,Not Graduate,Self-Employed,49143.55,40411.35,360,691,2,0.4033,0.0,Vehicle,No,Approved
APP-12956,44,Male,Not Graduate,Salaried,21281.67,16562.64,60,647,1,0.3556,32506.13,Home,No,Approved
APP-12957,40,Male,Not Graduate,Self-Employed,85318.16,42548.85,120,750,0,0.4909,0.0,Vehicle,No,Approved
APP-12958,54,Female,Graduate,Salaried,37673.01,9968.96,36,677,1,0.2348,0.0,Vehicle,No,Rejected
APP-12959,25,Male,,Self-Employed,28529.81,19692.54,60,781,4,0.3265,24417.37,Home,No,Approved
APP-12960,30,Female,Graduate,Self-Employed,27609.34,19248.47,60,735,1,0.4582,0.0,Vehicle,No,Approved
APP-12961,25,Female,Graduate,Salaried,75781.77,46450.45,24,811,2,0.6279,0.0,Vehicle,No,Rejected
APP-12962,40,Male,Graduate,Salaried,20000.0,10611.85,120,590,4,0.2593,0.0,Education,No,Approved
APP-12963,60,Female,Graduate,Salaried,26341.84,18635.66,360,772,4,0.2289,0.0,Education,No,Approved
APP-12964,18,Male,Graduate,Salaried,60828.0,13035.62,180,677,1,0.3196,0.0,Home,No,Approved
APP-12965,62,Male,Graduate,Salaried,56916.4,42807.97,240,631,0,0.4843,0.0,Personal,No,Approved
APP-12966,68,Male,Graduate,Salaried,29407.62,22439.26,24,669,2,0.6269,0.0,Vehicle,Yes,Approved
APP-12967,41,Male,Graduate,Salaried,93262.22,66252.98,360,663,2,0.3719,0.0,Business,No,Approved
APP-12968,52,Male,Graduate,Self-Employed,28098.37,7740.07,36,650,1,0.5375,17616.87,Home,Yes,Approved
APP-12969,41,Male,Graduate,Salaried,44167.0,30948.71,60,572,3,0.3286,74622.77,Home,No,Approved
APP-12970,34,Female,Not Graduate,Salaried,41337.92,18533.72,180,773,2,0.0739,0.0,Personal,No,Approved
APP-12971,22,Female,Graduate,Self-Employed,41417.86,21390.3,48,604,4,0.5865,0.0,Vehicle,No,Rejected
APP-12972,37,Female,Graduate,Self-Employed,44459.53,30606.85,180,596,1,0.2239,0.0,Vehicle,Yes,Approved
APP-12973,38,Female,Not Graduate,Salaried,43800.51,5287.07,240,775,2,0.1332,0.0,Education,No,Approved
APP-12974,57,Female,Graduate,Salaried,43531.62,15412.8,48,567,0,0.6477,0.0,Personal,No,Rejected
APP-12975,48,Male,Not Graduate,Salaried,44758.49,30032.29,60,655,0,0.2584,45175.62,Home,No,Rejected
APP-12976,63,Female,Graduate,Self-Employed,84345.65,56492.05,36,600,1,0.1319,83553.03,Home,No,Approved
APP-12977,53,Female,Graduate,Self-Employed,43642.78,30291.65,60,810,1,0.2369,39828.37,Home,Yes,Approved
APP-12978,44,Male,Graduate,Salaried,69284.26,15135.22,240,771,3,0.3583,0.0,Vehicle,No,Approved
APP-12979,69,Female,Graduate,Self-Employed,52805.01,31372.55,36,614,3,0.1028,0.0,Vehicle,No,Approved
APP-12980,32,Female,Not Graduate,Salaried,58872.0,11924.59,60,600,1,0.2616,20307.57,Business,No,Approved
APP-12981,44,Female,Graduate,Salaried,72327.21,46981.48,12,677,1,0.4513,103277.34,Home,No,Approved
APP-12982,24,Female,Not Graduate,Self-Employed,27718.74,7528.08,24,714,2,0.6,0.0,Personal,No,Approved
APP-12983,68,Male,Graduate,Salaried,67083.94,41355.4,36,651,1,0.2885,0.0,Personal,Yes,Approved
APP-12984,45,Male,Not Graduate,Salaried,49143.55,18450.51,12,644,0,0.3887,38689.32,Home,No,Approved
APP-12985,68,Male,Graduate,Salaried,30318.0,23962.88,360,661,1,0.4316,0.0,Personal,No,Approved
APP-12986,60,Female,Graduate,Self-Employed,72250.17,36553.22,360,752,0,0.0925,0.0,Vehicle,No,Approved
APP-12987,22,Male,Graduate,Salaried,39628.43,21510.53,60,805,1,0.2553,0.0,Home,Yes,Approved
APP-12988,22,Female,Graduate,Self-Employed,59204.18,21178.19,48,825,1,0.4606,49990.0,Home,Yes,Rejected
APP-12989,47,Male,Not Graduate,Salaried,20000.0,12283.28,60,621,0,0.4914,0.0,Personal,No,Approved
APP-12990,49,Male,Graduate,Salaried,70476.98,31462.33,48,677,1,0.2636,50278.0,Home,No,Rejected
APP-12991,25,Male,Graduate,Salaried,178983.0,20161.83,60,677,2,0.054,38329.8,Home,No,Approved
APP-12992,27,Female,Not Graduate,Salaried,48833.29,25686.66,180,677,1,0.054,0.0,Vehicle,No,Approved
APP-12993,55,Male,Graduate,Self-Employed,49143.55,29275.37,240,625,0,0.3729,0.0,Personal,No,Rejected
APP-12994,64,Male,Graduate,Salaried,49143.55,10344.37,24,743,3,0.3809,0.0,Vehicle,No,Rejected
APP-12995,49,Male,Graduate,Salaried,64718.22,16486.62,48,642,0,0.383,0.0,Education,No,Approved
APP-12996,65,Male,Graduate,Salaried,42106.06,22157.06,240,561,2,0.4831,0.0,Personal,No,Rejected
APP-12997,45,Male,Not Graduate,Salaried,67763.52,45576.76,180,613,1,0.6028,0.0,Education,No,Approved
APP-12998,34,Female,Graduate,Self-Employed,115985.91,31865.3,360,759,1,0.6441,0.0,Education,No,Rejected
APP-12999,44,Male,Not Graduate,Salaried,74646.54,56177.78,60,699,2,0.4706,0.0,Education,No,Approved
APP-11801,37,Female,Graduate,Salaried,94786.48,14655.23,120,709,2,0.0841,25784.93,Home,No,Approved
APP-11190,35,Female,Graduate,Salaried,45660.82,25797.51,180,653,2,0.6476,0.0,Education,No,Rejected
APP-11817,21,Male,Not Graduate,Self-Employed,49143.55,24178.49,240,770,1,0.5433,38074.69,Business,Yes,Approved
APP-10251,34,Female,Not Graduate,Self-Employed,34410.08,24728.15,120,722,1,0.0702,0.0,Home,No,Approved
APP-12505,39,Male,Graduate,Salaried,87314.91,28946.41,180,545,0,0.3571,57580.54,Home,Yes,Rejected
APP-11117,37,Female,Graduate,Salaried,40008.06,13765.85,12,559,5,0.5486,0.0,Education,No,Rejected
APP-11411,68,Male,Graduate,Salaried,90725.94,64404.32,240,677,3,0.5683,134941.66,Home,Yes,Approved
APP-12113,30,Male,Not Graduate,Salaried,49415.0,11285.66,12,633,1,0.565,0.0,Business,No,Approved
APP-10408,20,Female,Graduate,Salaried,88629.26,34054.09,36,747,1,0.6184,0.0,Personal,No,Approved
APP-12579,42,Male,Not Graduate,Salaried,82708.54,17700.5,12,636,0,0.4913,0.0,Vehicle,Yes,Rejected
APP-12254,56,Male,Graduate,Self-Employed,44294.0,9273.83,240,651,1,0.5152,11065.21,Home,Yes,Rejected
APP-10052,31,Female,Not Graduate,Salaried,31043.12,22234.91,360,663,0,0.483,0.0,Education,No,Approved
APP-10644,65,Female,Graduate,Self-Employed,146956.45,22290.36,24,679,0,0.3921,32106.17,Home,No,Approved
APP-11763,21,Female,Graduate,Salaried,31162.81,15186.88,24,632,3,0.0877,0.0,Education,No,Rejected
APP-12776,52,Male,Not Graduate,Salaried,37382.73,9493.94,24,785,0,0.2671,0.0,Education,Yes,Rejected
APP-10900,28,Female,Graduate,Salaried,76124.0,10881.47,12,644,1,0.3845,0.0,Education,Yes,Approved
APP-11073,23,Male,Graduate,Salaried,59114.3,30947.62,60,711,0,0.1939,0.0,Education,No,Approved
APP-10472,22,Female,Graduate,Self-Employed,114702.42,22460.48,36,677,1,0.5056,43596.67,Business,No,Approved
APP-12738,43,Female,Graduate,Salaried,49143.55,31397.63,12,644,0,0.4792,0.0,Education,No,Approved
APP-12546,21,Male,Graduate,Self-Employed,47039.51,30198.74,48,727,0,0.4105,34094.82,Home,No,Rejected
APP-10044,68,Male,Not Graduate,Salaried,117447.71,28402.75,24,583,2,0.6435,0.0,Vehicle,No,Rejected
APP-10289,40,Female,Not Graduate,Self-Employed,25470.0,7733.67,240,701,1,0.348,18246.98,Home,No,Rejected
APP-10912,68,Female,Graduate,Self-Employed,20000.0,5000.0,48,694,1,0.2399,0.0,Vehicle,No,Approved
APP-12083,55,Male,Graduate,Self-Employed,47169.46,28589.41,240,590,2,0.2612,32706.02,Business,No,Rejected
APP-11360,41,Female,Not Graduate,Salaried,25166.61,19368.94,36,672,0,0.446,0.0,Vehicle,No,Approved
APP-12895,38,Male,Graduate,Self-Employed,57274.02,8158.97,36,721,2,0.3828,0.0,Personal,No,Approved
APP-12603,28,Female,Graduate,Salaried,24741.15,5000.0,360,677,0,0.6035,0.0,Education,No,Approved
APP-11226,50,Female,Graduate,Salaried,56053.71,26421.16,24,745,3,0.0796,0.0,Personal,No,Approved
APP-10296,43,Male,Graduate,Salaried,48461.0,22118.29,24,677,2,0.298,0.0,Vehicle,No,Approved
APP-11241,27,Male,Not Graduate,Self-Employed,71138.54,11776.76,24,678,4,0.2855,0.0,Vehicle,No,Approved
APP-11005,40,Female,Not Graduate,Salaried,32000.56,17195.97,12,722,1,0.0843,32540.33,Business,No,Approved
APP-11665,31,Female,Graduate,Salaried,49143.55,13134.55,48,710,1,0.1506,0.0,Personal,No,Approved
APP-10746,66,Male,Not Graduate,Self-Employed,131525.33,85181.39,36,602,0,0.1805,0.0,Business,No,Approved
APP-12851,44,Male,Not Graduate,Salaried,24885.0,11578.97,24,628,1,0.2272,0.0,Education,No,Approved
APP-10291,47,Female,Graduate,Salaried,69707.24,22869.89,180,717,1,0.5222,0.0,Education,No,Rejected
APP-10781,49,Male,Graduate,Salaried,32752.8,18242.41,120,736,0,0.6115,41516.61,Home,No,Approved
APP-12144,67,Male,Graduate,Self-Employed,49143.55,19146.42,180,594,3,0.1089,0.0,Vehicle,Yes,Rejected
APP-10322,44,Female,Graduate,Salaried,150309.21,100000.0,240,825,1,0.3934,0.0,Personal,No,Approved
APP-10298,69,Female,Not Graduate,Salaried,37482.91,19199.41,36,714,0,0.4095,0.0,Home,No,Rejected
APP-11298,65,Female,Not Graduate,Salaried,48312.43,6108.21,360,633,4,0.1799,7186.76,Home,No,Rejected
APP-10194,45,Female,Graduate,Self-Employed,44358.64,13552.01,60,709,1,0.5114,16806.85,Home,No,Rejected
APP-10063,25,Male,Graduate,Salaried,134132.65,42131.16,60,732,0,0.1343,79151.07,Home,No,Approved
APP-10393,44,Female,Graduate,Self-Employed,28201.98,16850.16,180,743,1,0.4798,0.0,Business,No,Approved
APP-11583,41,Female,Graduate,Salaried,126360.23,66623.84,12,664,1,0.5691,0.0,Personal,No,Rejected
APP-11547,48,Female,Graduate,Salaried,118612.78,56588.99,180,693,1,0.1287,138234.08,Home,Yes,Rejected
APP-12425,40,Female,Graduate,Salaried,47758.1,13170.26,60,618,2,0.6395,0.0,Education,No,Approved
APP-10014,53,Female,Graduate,Salaried,93540.14,65907.22,24,486,2,0.507,0.0,Vehicle,No,Rejected
APP-12567,33,Female,Graduate,Salaried,44482.33,19224.48,360,665,2,0.4473,22147.23,Home,No,Approved
APP-11600,19,Male,Not Graduate,Self-Employed,41111.85,9278.02,12,779,0,0.4409,21492.4,Home,No,Rejected
